"time","t","rh","ws","wd","pc","p","date","day"
2022-07-31 22:00:00,24.26,51,4.47,167,0,1017.13,2022-07-31,-4
2022-07-31 23:00:00,23.45,54,3.12,166,0,1017.25,2022-07-31,-4
2022-08-01 00:00:00,22.95,60,3.23,162,0,1017.28,2022-08-01,-3
2022-08-01 01:00:00,22.53,61,2.26,128,0,1017.12,2022-08-01,-3
2022-08-01 02:00:00,22.42,63,1.47,98,0,1016.88,2022-08-01,-3
2022-08-01 03:00:00,22.77,63,1.46,100,0,1016.73,2022-08-01,-3
2022-08-01 04:00:00,24.67,61,0.64,174,0,1016.77,2022-08-01,-3
2022-08-01 05:00:00,27.91,58,1.05,228,0,1016.91,2022-08-01,-3
2022-08-01 06:00:00,31.43,54,1.45,249,0,1017.08,2022-08-01,-3
2022-08-01 07:00:00,33.28,50,2.83,259,0,1017.35,2022-08-01,-3
2022-08-01 08:00:00,33.82,45,3.2,262,0,1017.65,2022-08-01,-3
2022-08-01 09:00:00,34.1,41,2.52,261,0,1017.67,2022-08-01,-3
2022-08-01 10:00:00,34.91,37,2.77,252,0,1017.22,2022-08-01,-3
2022-08-01 11:00:00,35.55,34,2.31,238,0,1016.49,2022-08-01,-3
2022-08-01 12:00:00,35.64,34,2.09,220,0,1015.77,2022-08-01,-3
2022-08-01 13:00:00,35.1,35,1.87,242,0,1015.08,2022-08-01,-3
2022-08-01 14:00:00,34.07,36,2.18,247,0,1014.4,2022-08-01,-3
2022-08-01 15:00:00,32.68,39,2.3,239,0,1013.88,2022-08-01,-3
2022-08-01 16:00:00,31.07,42,3.58,220,0,1013.57,2022-08-01,-3
2022-08-01 17:00:00,29.54,45,5.59,192,0,1013.42,2022-08-01,-3
2022-08-01 18:00:00,28.3,47,5.79,187,0,1013.53,2022-08-01,-3
2022-08-01 19:00:00,27.39,48,5.94,180,0,1014.05,2022-08-01,-3
2022-08-01 20:00:00,26.7,48,6.65,174,0,1014.82,2022-08-01,-3
2022-08-01 21:00:00,26.02,48,6.91,172,0,1015.44,2022-08-01,-3
2022-08-01 22:00:00,25.23,50,6.12,171,0,1015.76,2022-08-01,-3
2022-08-01 23:00:00,24.4,52,3.9,163,0,1015.94,2022-08-01,-3
2022-08-02 00:00:00,23.65,57,2.86,159,0,1016.04,2022-08-02,-2
2022-08-02 01:00:00,23.04,58,2.61,151,0,1016.03,2022-08-02,-2
2022-08-02 02:00:00,22.74,61,2.51,166,0,1015.93,2022-08-02,-2
2022-08-02 03:00:00,22.97,61,1.7,153,0,1015.89,2022-08-02,-2
2022-08-02 04:00:00,23.83,59,0.35,130,0,1015.98,2022-08-02,-2
2022-08-02 05:00:00,25.15,55,0.83,170,0,1016.12,2022-08-02,-2
2022-08-02 06:00:00,26.81,51,0.72,211,0,1016.25,2022-08-02,-2
2022-08-02 07:00:00,28.84,46,0.98,250,0,1016.39,2022-08-02,-2
2022-08-02 08:00:00,31.08,41,1.85,256,0,1016.52,2022-08-02,-2
2022-08-02 09:00:00,33.32,36,1.8,247,0,1016.43,2022-08-02,-2
2022-08-02 10:00:00,35.15,31,1.93,228,0,1016,2022-08-02,-2
2022-08-02 11:00:00,36.56,28,2.75,216,0,1015.35,2022-08-02,-2
2022-08-02 12:00:00,37.11,24,2.77,211,0,1014.7,2022-08-02,-2
2022-08-02 13:00:00,36.87,24,2.99,239,0,1014.08,2022-08-02,-2
2022-08-02 14:00:00,35.73,26,3.58,233,0,1013.46,2022-08-02,-2
2022-08-02 15:00:00,34.04,28,4.41,209,0,1012.95,2022-08-02,-2
2022-08-02 16:00:00,32.01,36,6.44,184,0,1012.52,2022-08-02,-2
2022-08-02 17:00:00,30.04,39,7.07,180,0,1012.2,2022-08-02,-2
2022-08-02 18:00:00,28.47,41,7.39,179,0,1012.16,2022-08-02,-2
2022-08-02 19:00:00,27.34,44,7.72,178,0,1012.61,2022-08-02,-2
2022-08-02 20:00:00,26.5,44,8.27,175,0,1013.35,2022-08-02,-2
2022-08-02 21:00:00,25.78,43,8.04,173,0,1013.97,2022-08-02,-2
2022-08-02 22:00:00,25.06,44,6.85,170,0,1014.34,2022-08-02,-2
2022-08-02 23:00:00,24.25,47,5.76,169,0,1014.59,2022-08-02,-2
2022-08-03 00:00:00,23.44,46,4.35,165,0,1014.65,2022-08-03,-1
2022-08-03 01:00:00,22.69,48,3,149,0,1014.38,2022-08-03,-1
2022-08-03 02:00:00,22.29,51,3.08,150,0,1013.93,2022-08-03,-1
2022-08-03 03:00:00,22.4,51,3.36,153,0,1013.62,2022-08-03,-1
2022-08-03 04:00:00,24.05,50,3.57,159,0,1013.62,2022-08-03,-1
2022-08-03 05:00:00,27.21,46,3.58,158,0,1013.78,2022-08-03,-1
2022-08-03 06:00:00,30.98,41,3.28,165,0,1013.94,2022-08-03,-1
2022-08-03 07:00:00,33.61,36,4.61,176,0,1014.15,2022-08-03,-1
2022-08-03 08:00:00,35.04,32,4.28,179,0,1014.38,2022-08-03,-1
2022-08-03 09:00:00,35.9,29,4.15,182,0,1014.37,2022-08-03,-1
2022-08-03 10:00:00,36.69,27,3.95,185,0,1013.94,2022-08-03,-1
2022-08-03 11:00:00,37.32,27,4.28,185,0,1013.28,2022-08-03,-1
2022-08-03 12:00:00,37.31,28,5.07,179,0,1012.7,2022-08-03,-1
2022-08-03 13:00:00,36.65,30,5.65,186,0,1012.25,2022-08-03,-1
2022-08-03 14:00:00,35.07,33,6.43,176,0,1011.88,2022-08-03,-1
2022-08-03 15:00:00,33.04,38,7.08,177,0,1011.74,2022-08-03,-1
2022-08-03 16:00:00,30.88,43,7.74,177,0,1011.94,2022-08-03,-1
2022-08-03 17:00:00,29.01,47,7.56,177,0,1012.37,2022-08-03,-1
2022-08-03 18:00:00,27.6,48,7.57,178,0,1012.83,2022-08-03,-1
2022-08-03 19:00:00,26.59,49,7.63,176,0,1013.31,2022-08-03,-1
2022-08-03 20:00:00,25.83,49,7.2,169,0,1013.83,2022-08-03,-1
2022-08-03 21:00:00,25.14,48,5.94,167,0,1014.23,2022-08-03,-1
2022-08-03 22:00:00,24.4,49,5.7,166,0,1014.45,2022-08-03,-1
2022-08-03 23:00:00,23.87,49,5,164,0,1014.54,2022-08-03,-1
2022-08-04 00:00:00,23.36,43,3.31,160,0,1014.54,2022-08-04,0
2022-08-04 01:00:00,22.91,44,2.44,152,0,1014.38,2022-08-04,0
2022-08-04 02:00:00,22.49,44,2.62,139,0,1014.13,2022-08-04,0
2022-08-04 03:00:00,22.55,45,2.75,157,0,1013.97,2022-08-04,0
2022-08-04 04:00:00,23.34,44,2.84,163,0,1013.99,2022-08-04,0
2022-08-04 05:00:00,25.31,43,2.91,160,0,1014.1,2022-08-04,0
2022-08-04 06:00:00,28.43,39,3,168,0,1014.24,2022-08-04,0
2022-08-04 07:00:00,32,34,4.12,178,0,1014.47,2022-08-04,0
2022-08-04 08:00:00,34.56,30,4.49,180,0,1014.73,2022-08-04,0
2022-08-04 09:00:00,35.95,28,4.47,180,0,1014.77,2022-08-04,0
2022-08-04 10:00:00,36.45,25,4.31,180,0,1014.41,2022-08-04,0
2022-08-04 11:00:00,36.79,25,4.45,178,0,1013.82,2022-08-04,0
2022-08-04 12:00:00,36.52,27,5.21,179,0,1013.26,2022-08-04,0
2022-08-04 13:00:00,35.61,29,5.65,180,0,1012.76,2022-08-04,0
2022-08-04 14:00:00,33.93,37,6.09,181,0,1012.28,2022-08-04,0
2022-08-04 15:00:00,31.98,41,6.35,178,0,1011.98,2022-08-04,0
2022-08-04 16:00:00,30.08,43,6.58,176,0,1011.92,2022-08-04,0
2022-08-04 17:00:00,28.5,44,6.7,173,0,1012.05,2022-08-04,0
2022-08-04 18:00:00,27.32,45,6.93,173,0,1012.33,2022-08-04,0
2022-08-04 19:00:00,26.51,45,6.99,172,0,1012.87,2022-08-04,0
2022-08-04 20:00:00,25.97,44,7.17,170,0,1013.57,2022-08-04,0
2022-08-04 21:00:00,25.48,43,7.21,170,0,1014.12,2022-08-04,0
2022-08-04 22:00:00,24.9,46,6.86,170,0,1014.39,2022-08-04,0
2022-08-04 23:00:00,24.18,49,5.54,167,0,1014.5,2022-08-04,0
2022-08-05 00:00:00,23.4,46,4.21,160,0,1014.55,2022-08-05,1
2022-08-05 01:00:00,22.64,49,3.47,176,0,1014.5,2022-08-05,1
2022-08-05 02:00:00,22.21,53,3.91,152,0,1014.38,2022-08-05,1
2022-08-05 03:00:00,22.41,55,3.18,165,0,1014.37,2022-08-05,1
2022-08-05 04:00:00,24.13,53,3.05,168,0,1014.55,2022-08-05,1
2022-08-05 05:00:00,27.26,51,3.01,163,0,1014.83,2022-08-05,1
2022-08-05 06:00:00,30.8,47,2.68,172,0,1015.11,2022-08-05,1
2022-08-05 07:00:00,33.17,42,3.04,189,0,1015.45,2022-08-05,1
2022-08-05 08:00:00,34.27,37,2.88,202,0,1015.8,2022-08-05,1
2022-08-05 09:00:00,34.88,34,2.92,213,0,1015.9,2022-08-05,1
2022-08-05 10:00:00,35.61,31,2.44,215,0,1015.58,2022-08-05,1
2022-08-05 11:00:00,36.57,29,2.71,212,0,1015.01,2022-08-05,1
2022-08-05 12:00:00,36.97,25,3.03,210,0,1014.44,2022-08-05,1
2022-08-05 13:00:00,36.7,26,3.06,227,0,1013.8,2022-08-05,1
2022-08-05 14:00:00,35.31,28,3.8,216,0,1013.16,2022-08-05,1
2022-08-05 15:00:00,33.38,32,5.28,198,0,1012.94,2022-08-05,1
2022-08-05 16:00:00,31.09,37,5.27,184,0,1013.48,2022-08-05,1
2022-08-05 17:00:00,28.92,42,3.95,177,0,1014.44,2022-08-05,1
2022-08-05 18:00:00,27.3,45,6.66,106,0,1015.23,2022-08-05,1
2022-08-05 19:00:00,26.31,47,5.6,130,0,1015.59,2022-08-05,1
2022-08-05 20:00:00,25.7,47,3.92,171,0,1015.77,2022-08-05,1
2022-08-05 21:00:00,25.11,47,3.31,177,0,1015.94,2022-08-05,1
2022-08-05 22:00:00,24.33,48,1.84,168,0,1016.14,2022-08-05,1
2022-08-05 23:00:00,22.9,49,1.61,151,0,1016.32,2022-08-05,1
2022-08-06 00:00:00,21.41,55,1.32,151,0,1016.49,2022-08-06,2
2022-08-06 01:00:00,20.28,56,1.22,60,0,1016.63,2022-08-06,2
2022-08-06 02:00:00,20.1,54,1.39,68,0,1016.76,2022-08-06,2
2022-08-06 03:00:00,20.55,53,1.08,79,0,1016.92,2022-08-06,2
2022-08-06 04:00:00,21.63,53,0.26,349,0,1017.16,2022-08-06,2
2022-08-06 05:00:00,23.29,52,0.7,275,0,1017.42,2022-08-06,2
2022-08-06 06:00:00,25.26,47,1.33,264,0,1017.64,2022-08-06,2
2022-08-06 07:00:00,27.39,44,1.83,263,0,1017.83,2022-08-06,2
2022-08-06 08:00:00,29.56,40,3.04,260,0,1017.97,2022-08-06,2
2022-08-06 09:00:00,31.72,36,1.63,265,0,1017.89,2022-08-06,2
2022-08-06 10:00:00,33.7,32,1.77,264,0,1017.47,2022-08-06,2
2022-08-06 11:00:00,35.37,28,1.14,238,0,1016.83,2022-08-06,2
2022-08-06 12:00:00,36.03,26,1.91,215,0,1016.15,2022-08-06,2
2022-08-06 13:00:00,35.71,27,2.3,246,0,1015.41,2022-08-06,2
2022-08-06 14:00:00,34.39,31,2.59,231,0,1014.64,2022-08-06,2
2022-08-06 15:00:00,32.82,32,3.02,215,0,1014.06,2022-08-06,2
2022-08-06 16:00:00,31.1,34,4.77,196,0,1013.73,2022-08-06,2
2022-08-06 17:00:00,29.49,38,5.5,184,0,1013.59,2022-08-06,2
2022-08-06 18:00:00,28.03,40,6.07,177,0,1013.71,2022-08-06,2
2022-08-06 19:00:00,26.79,42,6.55,178,0,1014.27,2022-08-06,2
2022-08-06 20:00:00,25.74,44,7.5,177,0,1015.08,2022-08-06,2
2022-08-06 21:00:00,24.85,46,7.59,177,0,1015.66,2022-08-06,2
2022-08-06 22:00:00,24.06,47,7.04,175,0,1015.77,2022-08-06,2
2022-08-06 23:00:00,23.53,48,5.03,169,0,1015.64,2022-08-06,2
2022-08-07 00:00:00,24.97,44,3.23,165,0,1015.5,2022-08-07,3
2022-08-07 01:00:00,23.87,45,2.56,113,0,1015.38,2022-08-07,3
2022-08-07 02:00:00,22.74,46,2.25,95,0,1015.25,2022-08-07,3
2022-08-07 03:00:00,22.59,45,2,145,0,1015.19,2022-08-07,3
2022-08-07 04:00:00,23.42,43,1.65,185,0,1015.25,2022-08-07,3
2022-08-07 05:00:00,25.06,42,1.18,184,0,1015.38,2022-08-07,3
2022-08-07 06:00:00,27.08,38,1.15,197,0,1015.5,2022-08-07,3
2022-08-07 07:00:00,29.39,38,1.56,208,0,1015.68,2022-08-07,3
2022-08-07 08:00:00,31.49,35,1.59,219,0,1015.86,2022-08-07,3
2022-08-07 09:00:00,33.29,33,1.73,219,0,1015.79,2022-08-07,3
2022-08-07 10:00:00,34.57,31,1.92,204,0,1015.28,2022-08-07,3
2022-08-07 11:00:00,35.44,29,2.61,200,0,1014.51,2022-08-07,3
2022-08-07 12:00:00,35.48,29,3.2,199,0,1013.83,2022-08-07,3
2022-08-07 13:00:00,34.72,33,3.79,212,0,1013.31,2022-08-07,3
2022-08-07 14:00:00,33.18,37,4.49,200,0,1012.87,2022-08-07,3
2022-08-07 15:00:00,31.47,42,5.36,181,0,1012.6,2022-08-07,3
2022-08-07 16:00:00,29.73,45,5.65,179,0,1012.52,2022-08-07,3
2022-08-07 17:00:00,28.23,47,6.25,174,0,1012.6,2022-08-07,3
2022-08-07 18:00:00,26.95,47,6.31,172,0,1012.87,2022-08-07,3
2022-08-07 19:00:00,25.9,48,6.32,172,0,1013.44,2022-08-07,3
2022-08-07 20:00:00,25,49,6.71,174,0,1014.19,2022-08-07,3
2022-08-07 21:00:00,24.2,51,6.65,173,0,1014.76,2022-08-07,3
2022-08-07 22:00:00,23.47,52,5.12,170,0,1015,2022-08-07,3
2022-08-07 23:00:00,22.34,53,3.85,168,0,1015.06,2022-08-07,3
2022-08-08 00:00:00,21.23,58,2.98,165,0,1015.06,2022-08-08,4
2022-08-08 01:00:00,20.31,60,2.48,101,0,1014.96,2022-08-08,4
2022-08-08 02:00:00,20.22,58,1.92,99,0,1014.79,2022-08-08,4
2022-08-08 03:00:00,20.78,56,1.78,118,0,1014.75,2022-08-08,4
2022-08-08 04:00:00,23.09,53,1.65,161,0,1014.95,2022-08-08,4
2022-08-08 05:00:00,27.09,51,1.57,197,0,1015.28,2022-08-08,4
2022-08-08 06:00:00,31.42,46,0.96,195,0,1015.57,2022-08-08,4
2022-08-08 07:00:00,33.7,43,1.46,207,0,1015.83,2022-08-08,4
2022-08-08 08:00:00,34.2,40,1.72,202,0,1016.05,2022-08-08,4
2022-08-08 09:00:00,34.14,38,1.74,197,0,1016.09,2022-08-08,4
2022-08-08 10:00:00,34.59,36,2,186,0,1015.82,2022-08-08,4
2022-08-08 11:00:00,35.07,33,2.84,185,0,1015.36,2022-08-08,4
2022-08-08 12:00:00,35,32,3.32,184,0,1014.9,2022-08-08,4
2022-08-08 13:00:00,34.35,33,3.5,205,0,1014.44,2022-08-08,4
2022-08-08 14:00:00,32.98,36,4.42,193,0,1013.98,2022-08-08,4
2022-08-08 15:00:00,31.42,40,4.74,182,0,1013.76,2022-08-08,4
2022-08-08 16:00:00,29.78,43,4.81,176,0,1013.93,2022-08-08,4
2022-08-08 17:00:00,28.3,47,4.7,171,0,1014.33,2022-08-08,4
2022-08-08 18:00:00,26.98,50,5.12,171,0,1014.79,2022-08-08,4
2022-08-08 19:00:00,25.86,52,5.89,176,0,1015.26,2022-08-08,4
2022-08-08 20:00:00,24.87,54,6.57,176,0,1015.79,2022-08-08,4
2022-08-08 21:00:00,23.95,57,6.21,171,0,1016.27,2022-08-08,4
2022-08-08 22:00:00,23.09,58,4.12,163,0,1016.73,2022-08-08,4
2022-08-08 23:00:00,22.38,60,2.21,162,0,1017.15,2022-08-08,4
2022-08-09 00:00:00,21.79,64,2.2,162,0,1017.38,2022-08-09,5
2022-08-09 01:00:00,21.28,66,2.21,86,0,1017.26,2022-08-09,5
2022-08-09 02:00:00,20.99,67,1.7,99,0,1016.96,2022-08-09,5
2022-08-09 03:00:00,21.28,67,1.65,127,0,1016.8,2022-08-09,5
2022-08-09 04:00:00,23.67,64,1.68,162,0,1016.97,2022-08-09,5
2022-08-09 05:00:00,28.04,59,1.35,177,0,1017.29,2022-08-09,5
2022-08-09 06:00:00,32.72,51,1.55,180,0,1017.55,2022-08-09,5
2022-08-09 07:00:00,35.07,46,1.32,241,0,1017.73,2022-08-09,5
2022-08-09 08:00:00,35.4,40,0.49,234,0,1017.86,2022-08-09,5
2022-08-09 09:00:00,35.22,35,0.33,217,0,1017.82,2022-08-09,5
2022-08-09 10:00:00,35.57,31,0.84,207,0,1017.52,2022-08-09,5
2022-08-09 11:00:00,36.22,29,2.3,197,0,1017.06,2022-08-09,5
2022-08-09 12:00:00,36,27,3.26,189,0,1016.55,2022-08-09,5
2022-08-09 13:00:00,35.34,27,3.6,199,0,1015.94,2022-08-09,5
2022-08-09 14:00:00,33.79,31,4.84,189,0,1015.29,2022-08-09,5
2022-08-09 15:00:00,31.9,35,5.31,182,0,1014.9,2022-08-09,5
2022-08-09 16:00:00,29.9,38,5.67,181,0,1014.94,2022-08-09,5
2022-08-09 17:00:00,28.24,40,5.96,175,0,1015.25,2022-08-09,5
2022-08-09 18:00:00,26.95,42,5.51,171,0,1015.65,2022-08-09,5
2022-08-09 19:00:00,26.06,41,5.43,168,0,1016.19,2022-08-09,5
2022-08-09 20:00:00,25.3,43,5.91,169,0,1016.82,2022-08-09,5
2022-08-09 21:00:00,24.51,44,5.49,171,0,1017.26,2022-08-09,5
2022-08-09 22:00:00,23.64,46,4.5,168,0,1017.35,2022-08-09,5
2022-08-09 23:00:00,22.78,48,2.95,167,0,1017.25,2022-08-09,5
2022-08-10 00:00:00,22.08,47,2.91,163,0,1017.13,2022-08-10,6
2022-08-10 01:00:00,21.49,47,2.68,120,0,1017.01,2022-08-10,6
2022-08-10 02:00:00,21.15,48,1.57,138,0,1016.87,2022-08-10,6
2022-08-10 03:00:00,21.35,47,1.55,156,0,1016.81,2022-08-10,6
2022-08-10 04:00:00,22.96,46,2.47,158,0,1016.9,2022-08-10,6
2022-08-10 05:00:00,25.99,44,2.55,164,0,1017.08,2022-08-10,6
2022-08-10 06:00:00,29.45,39,2.14,165,0,1017.21,2022-08-10,6
2022-08-10 07:00:00,32.03,36,2.36,182,0,1017.31,2022-08-10,6
2022-08-10 08:00:00,33.63,32,2.76,185,0,1017.37,2022-08-10,6
2022-08-10 09:00:00,34.77,29,2.73,189,0,1017.21,2022-08-10,6
2022-08-10 10:00:00,35.74,26,2.39,194,0,1016.72,2022-08-10,6
2022-08-10 11:00:00,36.49,24,2.66,200,0,1016.02,2022-08-10,6
2022-08-10 12:00:00,36.54,24,3.67,203,0,1015.31,2022-08-10,6
2022-08-10 13:00:00,35.94,24,3.65,215,0,1014.55,2022-08-10,6
2022-08-10 14:00:00,34.5,27,4.84,196,0,1013.77,2022-08-10,6
2022-08-10 15:00:00,32.83,33,5.81,184,0,1013.26,2022-08-10,6
2022-08-10 16:00:00,31.09,36,6.41,181,0,1013.16,2022-08-10,6
2022-08-10 17:00:00,29.5,37,7.12,179,0,1013.34,2022-08-10,6
2022-08-10 18:00:00,28.1,38,7.43,178,0,1013.64,2022-08-10,6
2022-08-10 19:00:00,26.9,38,7.62,176,0,1014.11,2022-08-10,6
2022-08-10 20:00:00,25.83,40,8.06,176,0,1014.71,2022-08-10,6
2022-08-10 21:00:00,24.84,42,7.69,175,0,1015.19,2022-08-10,6
2022-08-10 22:00:00,23.87,44,5.02,169,0,1015.45,2022-08-10,6
2022-08-10 23:00:00,23.33,48,2.57,155,0,1015.58,2022-08-10,6
2022-08-11 00:00:00,22.92,43,2.79,153,0,1015.64,2022-08-11,7
2022-08-11 01:00:00,22.56,45,3.29,147,0,1015.59,2022-08-11,7
2022-08-11 02:00:00,22.01,46,3.08,143,0,1015.47,2022-08-11,7
2022-08-11 03:00:00,21.98,47,2.27,152,0,1015.42,2022-08-11,7
2022-08-11 04:00:00,23.07,47,2.83,154,0,1015.52,2022-08-11,7
2022-08-11 05:00:00,25.26,44,3,159,0,1015.69,2022-08-11,7
2022-08-11 06:00:00,27.88,39,3.09,171,0,1015.79,2022-08-11,7
2022-08-11 07:00:00,30.35,36,4.04,181,0,1015.81,2022-08-11,7
2022-08-11 08:00:00,32.39,32,4.38,186,0,1015.76,2022-08-11,7
2022-08-11 09:00:00,34.08,29,3.93,185,0,1015.56,2022-08-11,7
2022-08-11 10:00:00,35.31,26,3.24,185,0,1015.11,2022-08-11,7
2022-08-11 11:00:00,36.13,24,3.09,186,0,1014.49,2022-08-11,7
2022-08-11 12:00:00,36.17,24,3.95,185,0,1013.9,2022-08-11,7
2022-08-11 13:00:00,35.51,26,4.57,187,0,1013.33,2022-08-11,7
2022-08-11 14:00:00,33.98,31,5.76,183,0,1012.77,2022-08-11,7
2022-08-11 15:00:00,32.24,36,6.39,182,0,1012.41,2022-08-11,7
2022-08-11 16:00:00,30.47,36,6.98,181,0,1012.31,2022-08-11,7
2022-08-11 17:00:00,28.94,37,7.53,179,0,1012.4,2022-08-11,7
2022-08-11 18:00:00,27.63,37,7.56,178,0,1012.66,2022-08-11,7
2022-08-11 19:00:00,26.54,37,7.52,176,0,1013.2,2022-08-11,7
2022-08-11 20:00:00,25.6,38,7.8,173,0,1013.92,2022-08-11,7
2022-08-11 21:00:00,24.75,40,6.93,170,0,1014.48,2022-08-11,7
2022-08-11 22:00:00,23.93,42,5.09,164,0,1014.74,2022-08-11,7
2022-08-11 23:00:00,23.16,47,4.14,163,0,1014.84,2022-08-11,7
2022-08-12 00:00:00,22.43,45,4.46,162,0,1014.83,2022-08-12,8
2022-08-12 01:00:00,21.89,47,4.18,151,0,1014.65,2022-08-12,8
2022-08-12 02:00:00,21.67,49,3.74,158,0,1014.35,2022-08-12,8
2022-08-12 03:00:00,22.09,50,2.88,156,0,1014.19,2022-08-12,8
2022-08-12 04:00:00,23.74,50,2.49,162,0,1014.3,2022-08-12,8
2022-08-12 05:00:00,26.64,50,3.03,167,0,1014.53,2022-08-12,8
2022-08-12 06:00:00,29.94,46,3.24,176,0,1014.7,2022-08-12,8
2022-08-12 07:00:00,32.33,41,2.55,185,0,1014.78,2022-08-12,8
2022-08-12 08:00:00,33.86,36,2.29,217,0,1014.78,2022-08-12,8
2022-08-12 09:00:00,35.17,31,2.23,249,0,1014.57,2022-08-12,8
2022-08-12 10:00:00,36.72,27,2.33,270,0,1014.05,2022-08-12,8
2022-08-12 11:00:00,38.37,24,2.65,273,0,1013.31,2022-08-12,8
2022-08-12 12:00:00,39.17,21,3.17,281,0,1012.52,2022-08-12,8
2022-08-12 13:00:00,39.13,22,3.26,291,0,1011.65,2022-08-12,8
2022-08-12 14:00:00,38.05,21,3.43,284,0,1010.72,2022-08-12,8
2022-08-12 15:00:00,36.79,20,3.26,279,0,1010.03,2022-08-12,8
2022-08-12 16:00:00,35.42,21,2.98,258,0,1009.67,2022-08-12,8
2022-08-12 17:00:00,34.04,23,5.26,197,0,1009.53,2022-08-12,8
2022-08-12 18:00:00,32.66,26,6.07,181,0,1009.59,2022-08-12,8
2022-08-12 19:00:00,31.3,29,6.96,174,0,1009.92,2022-08-12,8
2022-08-12 20:00:00,29.95,30,7.01,175,0,1010.44,2022-08-12,8
2022-08-12 21:00:00,28.64,31,6.52,174,0,1010.89,2022-08-12,8
2022-08-12 22:00:00,27.36,34,5.36,174,0,1011.22,2022-08-12,8
2022-08-12 23:00:00,26.19,37,3.95,169,0,1011.47,2022-08-12,8
2022-08-13 00:00:00,25.06,36,3.41,171,0,1011.56,2022-08-13,9
2022-08-13 01:00:00,24.17,38,2.89,90,0,1011.35,2022-08-13,9
2022-08-13 02:00:00,23.69,38,3.04,118,0,1010.96,2022-08-13,9
2022-08-13 03:00:00,24.02,38,2.39,169,0,1010.72,2022-08-13,9
2022-08-13 04:00:00,24.46,37,1.54,185,0,1010.77,2022-08-13,9
2022-08-13 05:00:00,24.9,36,1.74,196,0,1010.95,2022-08-13,9
2022-08-13 06:00:00,25.71,33,1.92,211,0,1011.12,2022-08-13,9
2022-08-13 07:00:00,28.06,30,1.97,255,0,1011.28,2022-08-13,9
2022-08-13 08:00:00,31.4,28,2.47,270,0,1011.43,2022-08-13,9
2022-08-13 09:00:00,34.77,25,2.29,284,0,1011.39,2022-08-13,9
2022-08-13 10:00:00,37.09,22,1.7,298,0,1010.95,2022-08-13,9
2022-08-13 11:00:00,38.23,20,1.94,302,0,1010.33,2022-08-13,9
2022-08-13 12:00:00,38.24,19,3.13,295,0,1009.96,2022-08-13,9
2022-08-13 13:00:00,37.34,19,4.48,298,0,1010.11,2022-08-13,9
2022-08-13 14:00:00,35.84,21,5.54,285,0,1010.51,2022-08-13,9
2022-08-13 15:00:00,34.11,22,5.23,284,0,1010.83,2022-08-13,9
2022-08-13 16:00:00,32.39,24,7.38,267,0,1010.86,2022-08-13,9
2022-08-13 17:00:00,31.1,25,3.91,252,0,1010.8,2022-08-13,9
2022-08-13 18:00:00,30.17,23,1.21,240,0,1010.94,2022-08-13,9
2022-08-13 19:00:00,29.55,22,1.4,248,0,1011.57,2022-08-13,9
2022-08-13 20:00:00,28.97,23,4.37,270,0,1012.4,2022-08-13,9
2022-08-13 21:00:00,28.34,24,2.53,231,0,1012.87,2022-08-13,9
2022-08-13 22:00:00,27.58,25,4.67,227,0,1012.65,2022-08-13,9
2022-08-13 23:00:00,25.76,27,4.76,209,0,1012.07,2022-08-13,9
2022-08-14 00:00:00,23.9,35,1.84,221,0,1011.55,2022-08-14,10
2022-08-14 01:00:00,22.24,35,0.64,250,0,1011.23,2022-08-14,10
2022-08-14 02:00:00,21.95,37,0.65,257,0,1010.96,2022-08-14,10
2022-08-14 03:00:00,22.33,37,0.47,275,0,1010.73,2022-08-14,10
2022-08-14 04:00:00,22.87,36,0.22,311,0,1010.52,2022-08-14,10
2022-08-14 05:00:00,23.45,35,0.6,342,0,1010.35,2022-08-14,10
2022-08-14 06:00:00,24.27,33,0.04,13,0,1010.24,2022-08-14,10
2022-08-14 07:00:00,26.14,31,0.06,310,0,1010.31,2022-08-14,10
2022-08-14 08:00:00,28.63,29,0.7,294,0,1010.46,2022-08-14,10
2022-08-14 09:00:00,31.1,27,1.69,287,0,1010.37,2022-08-14,10
2022-08-14 10:00:00,32.91,25,2.17,290,0,1009.9,2022-08-14,10
2022-08-14 11:00:00,34.38,23,2.49,291,0,1009.19,2022-08-14,10
2022-08-14 12:00:00,34.93,21,3.64,295,0,1008.42,2022-08-14,10
2022-08-14 13:00:00,34.68,22,4.49,294,0,1007.54,2022-08-14,10
2022-08-14 14:00:00,33.51,23,3.34,293,0,1006.6,2022-08-14,10
2022-08-14 15:00:00,32.16,24,3.18,253,0,1005.9,2022-08-14,10
2022-08-14 16:00:00,30.74,28,4.43,190,0,1005.55,2022-08-14,10
2022-08-14 17:00:00,29.39,33,5.08,175,0,1005.44,2022-08-14,10
2022-08-14 18:00:00,28.14,36,5.3,174,0,1005.49,2022-08-14,10
2022-08-14 19:00:00,27,34,5.07,170,0,1005.75,2022-08-14,10
2022-08-14 20:00:00,25.94,36,4.71,163,0,1006.18,2022-08-14,10
2022-08-14 21:00:00,24.92,39,4.32,157,0,1006.61,2022-08-14,10
2022-08-14 22:00:00,23.89,44,3.07,152,0,1007.01,2022-08-14,10
2022-08-14 23:00:00,22.4,48,0.62,139,0,1007.41,2022-08-14,10
2022-08-15 00:00:00,21,64,0.44,162,0,1007.73,2022-08-15,11
2022-08-15 01:00:00,19.9,70,1.82,171,0,1007.92,2022-08-15,11
2022-08-15 02:00:00,19.76,73,2.41,180,0,1008.04,2022-08-15,11
2022-08-15 03:00:00,20.27,72,2.76,191,0,1008.17,2022-08-15,11
2022-08-15 04:00:00,21.34,68,4.04,212,0,1008.36,2022-08-15,11
2022-08-15 05:00:00,22.55,61,3.23,211,0,1008.57,2022-08-15,11
2022-08-15 06:00:00,23.7,54,4.67,218,0,1008.77,2022-08-15,11
2022-08-15 07:00:00,24.89,47,5.03,223,0,1009.03,2022-08-15,11
2022-08-15 08:00:00,26.49,42,4.1,222,0,1009.28,2022-08-15,11
2022-08-15 09:00:00,28.36,37,3.9,219,0,1009.33,2022-08-15,11
2022-08-15 10:00:00,30.14,33,3.78,212,0,1009.05,2022-08-15,11
2022-08-15 11:00:00,31.67,30,3.52,209,0,1008.56,2022-08-15,11
2022-08-15 12:00:00,32.37,25,2.99,221,0,1008.01,2022-08-15,11
2022-08-15 13:00:00,32.34,25,2.62,278,0,1007.38,2022-08-15,11
2022-08-15 14:00:00,31.43,24,2.72,276,0,1006.69,2022-08-15,11
2022-08-15 15:00:00,30.33,24,2.73,273,0,1006.16,2022-08-15,11
2022-08-15 16:00:00,28.92,26,2.58,250,0,1005.85,2022-08-15,11
2022-08-15 17:00:00,27.38,31,5.95,175,0,1005.71,2022-08-15,11
2022-08-15 18:00:00,25.87,41,5.5,174,0,1005.81,2022-08-15,11
2022-08-15 19:00:00,24.66,47,5.56,174,0,1006.3,2022-08-15,11
2022-08-15 20:00:00,23.73,52,5.85,172,0,1007.02,2022-08-15,11
2022-08-15 21:00:00,22.96,57,5.95,171,0,1007.64,2022-08-15,11
2022-08-15 22:00:00,22.28,63,4.84,167,0,1008.04,2022-08-15,11
2022-08-15 23:00:00,21.27,66,3.93,163,0,1008.33,2022-08-15,11
2022-08-16 00:00:00,20.27,76,3.58,158,0,1008.45,2022-08-16,12
2022-08-16 01:00:00,19.44,81,3.22,153,0,1008.29,2022-08-16,12
2022-08-16 02:00:00,19.39,84,2.78,154,0,1007.95,2022-08-16,12
2022-08-16 03:00:00,20.03,83,2.3,152,0,1007.69,2022-08-16,12
2022-08-16 04:00:00,21.76,78,1.42,144,0,1007.6,2022-08-16,12
2022-08-16 05:00:00,24.43,71,0.99,139,0,1007.58,2022-08-16,12
2022-08-16 06:00:00,27.31,63,1.71,152,0,1007.59,2022-08-16,12
2022-08-16 07:00:00,29.26,57,2.86,169,0,1007.67,2022-08-16,12
2022-08-16 08:00:00,30.28,51,3.64,177,0,1007.77,2022-08-16,12
2022-08-16 09:00:00,30.81,46,3.92,175,0,1007.77,2022-08-16,12
2022-08-16 10:00:00,31.25,43,3.48,177,0,1007.59,2022-08-16,12
2022-08-16 11:00:00,31.69,42,3.74,176,0,1007.31,2022-08-16,12
2022-08-16 12:00:00,31.47,37,3.68,180,0,1006.98,2022-08-16,12
2022-08-16 13:00:00,30.71,40,3.59,189,0,1006.56,2022-08-16,12
2022-08-16 14:00:00,29.19,45,3.23,188,3.2,1006.1,2022-08-16,12
2022-08-16 15:00:00,27.72,49,3.04,179,0,1005.75,2022-08-16,12
2022-08-16 16:00:00,26.39,54,2.84,178,0,1005.58,2022-08-16,12
2022-08-16 17:00:00,25.32,56,3.76,164,0,1005.53,2022-08-16,12
2022-08-16 18:00:00,24.43,57,3.7,155,0,1005.6,2022-08-16,12
2022-08-16 19:00:00,23.66,57,3.52,159,0,1005.84,2022-08-16,12
2022-08-16 20:00:00,22.91,62,3.34,154,0,1006.21,2022-08-16,12
2022-08-16 21:00:00,22.12,67,2.42,152,0,1006.57,2022-08-16,12
2022-08-16 22:00:00,21.26,71,1.89,152,0,1006.89,2022-08-16,12
2022-08-16 23:00:00,20.11,72,2.3,156,0,1007.2,2022-08-16,12
2022-08-17 00:00:00,19.03,77,3,164,0,1007.48,2022-08-17,13
2022-08-17 01:00:00,18.23,81,3.34,192,0,1007.68,2022-08-17,13
2022-08-17 02:00:00,18.15,82,3.17,202,0,1007.85,2022-08-17,13
2022-08-17 03:00:00,18.72,80,2.31,223,0,1008.06,2022-08-17,13
2022-08-17 04:00:00,20.86,74,1.73,247,0,1008.35,2022-08-17,13
2022-08-17 05:00:00,24.41,67,1.61,270,0,1008.68,2022-08-17,13
2022-08-17 06:00:00,28.07,59,2.19,275,0,1009.02,2022-08-17,13
2022-08-17 07:00:00,29.63,52,2.69,277,0,1009.43,2022-08-17,13
2022-08-17 08:00:00,29.52,46,3.05,284,0,1009.85,2022-08-17,13
2022-08-17 09:00:00,29.05,41,4.45,289,0,1010.03,2022-08-17,13
2022-08-17 10:00:00,29.36,36,4.09,297,0,1009.81,2022-08-17,13
2022-08-17 11:00:00,30.2,33,3.98,299,0,1009.35,2022-08-17,13
2022-08-17 12:00:00,30.71,26,3.65,304,0,1008.87,2022-08-17,13
2022-08-17 13:00:00,30.3,27,3.18,292,0,1008.4,2022-08-17,13
2022-08-17 14:00:00,29.19,28,2.87,283,0,1007.91,2022-08-17,13
2022-08-17 15:00:00,28.05,28,3.32,282,0,1007.6,2022-08-17,13
2022-08-17 16:00:00,26.91,29,3.53,283,0,1007.47,2022-08-17,13
2022-08-17 17:00:00,25.83,29,3.35,273,0,1007.51,2022-08-17,13
2022-08-17 18:00:00,24.77,30,2.96,272,0,1007.85,2022-08-17,13
2022-08-17 19:00:00,23.7,32,5.01,310,0,1008.7,2022-08-17,13
2022-08-17 20:00:00,22.58,35,5.64,307,0,1009.85,2022-08-17,13
2022-08-17 21:00:00,21.36,39,4.35,301,0,1010.86,2022-08-17,13
2022-08-17 22:00:00,20.06,43,4.08,282,0,1011.58,2022-08-17,13
2022-08-17 23:00:00,18.58,47,4.05,275,0,1012.15,2022-08-17,13
2022-08-18 00:00:00,18.19,51,4.23,265,0,1012.54,2022-08-18,14
2022-08-18 01:00:00,16.88,55,3.03,263,0,1012.63,2022-08-18,14
2022-08-18 02:00:00,16.15,58,3.23,263,0,1012.53,2022-08-18,14
2022-08-18 03:00:00,16.17,58,3.34,261,0,1012.55,2022-08-18,14
2022-08-18 04:00:00,16.88,57,2.98,259,0,1012.84,2022-08-18,14
2022-08-18 05:00:00,18.2,53,2.65,265,0,1013.25,2022-08-18,14
2022-08-18 06:00:00,19.87,49,2.97,270,0,1013.6,2022-08-18,14
2022-08-18 07:00:00,21.69,45,3.97,283,0,1013.87,2022-08-18,14
2022-08-18 08:00:00,23.43,40,4.01,284,0,1014.08,2022-08-18,14
2022-08-18 09:00:00,24.99,37,4.22,286,0,1014.1,2022-08-18,14
2022-08-18 10:00:00,26.23,34,4.84,296,0,1013.81,2022-08-18,14
2022-08-18 11:00:00,27.2,32,5.36,300,0,1013.33,2022-08-18,14
2022-08-18 12:00:00,27.47,31,5.2,307,0,1012.87,2022-08-18,14
2022-08-18 13:00:00,27.11,33,5.23,313,0,1012.43,2022-08-18,14
2022-08-18 14:00:00,26.06,35,5.04,313,0,1012.02,2022-08-18,14
2022-08-18 15:00:00,24.86,36,4.76,312,0,1011.89,2022-08-18,14
2022-08-18 16:00:00,23.63,42,4.29,311,0,1012.17,2022-08-18,14
2022-08-18 17:00:00,22.52,44,4.33,303,0,1012.73,2022-08-18,14
2022-08-18 18:00:00,21.54,43,5.99,297,0,1013.42,2022-08-18,14
2022-08-18 19:00:00,20.68,42,4.94,285,0,1014.3,2022-08-18,14
2022-08-18 20:00:00,19.87,44,5.1,282,0,1015.32,2022-08-18,14
2022-08-18 21:00:00,19.04,46,4.2,286,0,1016.17,2022-08-18,14
2022-08-18 22:00:00,18.15,49,4.08,275,0,1016.74,2022-08-18,14
2022-08-18 23:00:00,17.17,51,4,271,0,1017.15,2022-08-18,14
2022-08-19 00:00:00,16.21,58,3.14,273,0,1017.45,2022-08-19,15
2022-08-19 01:00:00,15.44,61,2.2,252,0,1017.6,2022-08-19,15
2022-08-19 02:00:00,15.06,64,1.65,294,0,1017.65,2022-08-19,15
2022-08-19 03:00:00,15.24,64,1.41,280,0,1017.82,2022-08-19,15
2022-08-19 04:00:00,16.02,62,2.07,270,0,1018.27,2022-08-19,15
2022-08-19 05:00:00,18.66,58,1.98,261,0,1018.84,2022-08-19,15
2022-08-19 06:00:00,22.94,53,2.67,260,0,1019.28,2022-08-19,15
2022-08-19 07:00:00,27.4,48,3.19,263,0,1019.54,2022-08-19,15
2022-08-19 08:00:00,30.6,43,3.15,267,0,1019.68,2022-08-19,15
2022-08-19 09:00:00,29.08,39,3.4,267,0,1019.62,2022-08-19,15
2022-08-19 10:00:00,28.41,35,3.47,271,0,1019.3,2022-08-19,15
2022-08-19 11:00:00,28.26,31,4.04,274,0,1018.78,2022-08-19,15
2022-08-19 12:00:00,28.08,32,2.66,276,0,1018.22,2022-08-19,15
2022-08-19 13:00:00,27.71,31,2.57,277,0,1017.59,2022-08-19,15
2022-08-19 14:00:00,27.34,31,3.01,270,0,1016.92,2022-08-19,15
2022-08-19 15:00:00,26.86,31,2.27,268,0,1016.41,2022-08-19,15
2022-08-19 16:00:00,26.09,31,2.66,270,0,1016.1,2022-08-19,15
2022-08-19 17:00:00,25.24,32,2.12,264,0,1015.94,2022-08-19,15
2022-08-19 18:00:00,24.35,32,2.02,251,0,1016.03,2022-08-19,15
2022-08-19 19:00:00,23.49,33,2.18,197,0,1016.51,2022-08-19,15
2022-08-19 20:00:00,22.54,35,4.74,181,0,1017.24,2022-08-19,15
2022-08-19 21:00:00,21.56,38,5.55,174,0,1017.84,2022-08-19,15
2022-08-19 22:00:00,20.67,41,5.78,171,0,1018.16,2022-08-19,15
2022-08-19 23:00:00,19.85,45,5.39,175,0,1018.34,2022-08-19,15
2022-08-20 00:00:00,19.17,50,4.96,180,0,1018.49,2022-08-20,16
2022-08-20 01:00:00,18.48,53,3.69,180,0,1018.62,2022-08-20,16
2022-08-20 02:00:00,17.95,56,3.02,175,0,1018.7,2022-08-20,16
2022-08-20 03:00:00,17.84,58,2.57,178,0,1018.8,2022-08-20,16
2022-08-20 04:00:00,18.47,57,2.02,189,0,1018.92,2022-08-20,16
2022-08-20 05:00:00,19.93,53,2.4,192,0,1019.06,2022-08-20,16
2022-08-20 06:00:00,21.86,47,2.66,197,0,1019.19,2022-08-20,16
2022-08-20 07:00:00,24.04,41,4.3,205,0,1019.38,2022-08-20,16
2022-08-20 08:00:00,26.14,36,3.95,213,0,1019.56,2022-08-20,16
2022-08-20 09:00:00,28.12,32,2.8,223,0,1019.56,2022-08-20,16
2022-08-20 10:00:00,29.72,29,3.11,227,0,1019.31,2022-08-20,16
2022-08-20 11:00:00,30.73,26,3.08,224,0,1018.88,2022-08-20,16
2022-08-20 12:00:00,31.2,27,2.94,222,0,1018.27,2022-08-20,16
2022-08-20 13:00:00,31.28,26,2.69,272,0,1017.35,2022-08-20,16
2022-08-20 14:00:00,31.15,25,2.74,270,0,1016.25,2022-08-20,16
2022-08-20 15:00:00,30.7,25,3.35,267,0,1015.36,2022-08-20,16
2022-08-20 16:00:00,29.72,27,2.65,261,0,1014.78,2022-08-20,16
2022-08-20 17:00:00,28.36,30,3.71,216,0,1014.4,2022-08-20,16
2022-08-20 18:00:00,26.75,34,5.23,192,0,1014.3,2022-08-20,16
2022-08-20 19:00:00,25.26,40,5.63,177,0,1014.61,2022-08-20,16
2022-08-20 20:00:00,24.02,45,6.54,170,0,1015.19,2022-08-20,16
2022-08-20 21:00:00,23.07,49,6.87,168,0,1015.67,2022-08-20,16
2022-08-20 22:00:00,22.28,52,6.5,172,0,1015.91,2022-08-20,16
2022-08-20 23:00:00,21.81,55,4.26,167,0,1016.04,2022-08-20,16
2022-08-21 00:00:00,21.21,60,3.36,159,0,1016.08,2022-08-21,17
2022-08-21 01:00:00,20.85,62,2.44,118,0,1015.97,2022-08-21,17
2022-08-21 02:00:00,20.38,62,1.9,130,0,1015.77,2022-08-21,17
2022-08-21 03:00:00,20.39,60,1.37,177,0,1015.66,2022-08-21,17
2022-08-21 04:00:00,21.16,59,1.48,212,0,1015.75,2022-08-21,17
2022-08-21 05:00:00,22.74,56,1.8,205,0,1015.94,2022-08-21,17
2022-08-21 06:00:00,24.7,52,2.8,207,0,1016.09,2022-08-21,17
2022-08-21 07:00:00,26.84,47,2.98,233,0,1016.2,2022-08-21,17
2022-08-21 08:00:00,28.87,41,2.4,256,0,1016.27,2022-08-21,17
2022-08-21 09:00:00,30.74,36,2.68,258,0,1016.13,2022-08-21,17
2022-08-21 10:00:00,32.2,31,2.5,268,0,1015.67,2022-08-21,17
2022-08-21 11:00:00,33.51,28,2.49,270,0,1015,2022-08-21,17
2022-08-21 12:00:00,34.18,24,2.89,273,0,1014.25,2022-08-21,17
2022-08-21 13:00:00,34.37,24,3.65,295,0,1013.37,2022-08-21,17
2022-08-21 14:00:00,33.75,23,3.96,300,0,1012.41,2022-08-21,17
2022-08-21 15:00:00,32.8,23,4.47,297,0,1011.65,2022-08-21,17
2022-08-21 16:00:00,31.42,24,5.13,305,0,1011.16,2022-08-21,17
2022-08-21 17:00:00,29.93,26,4.83,313,0,1010.88,2022-08-21,17
2022-08-21 18:00:00,28.47,29,3.77,308,0,1010.91,2022-08-21,17
2022-08-21 19:00:00,27.18,32,1.78,257,0,1011.46,2022-08-21,17
2022-08-21 20:00:00,25.92,37,3.63,179,0,1012.34,2022-08-21,17
2022-08-21 21:00:00,24.71,42,5.05,178,0,1013.02,2022-08-21,17
2022-08-21 22:00:00,23.63,47,4.64,177,0,1013.3,2022-08-21,17
2022-08-21 23:00:00,22.5,50,4.59,178,0,1013.39,2022-08-21,17
2022-08-22 00:00:00,19.25,46,4.58,202,0,1013.45,2022-08-22,18
2022-08-22 01:00:00,18.77,46,3.68,221,0,1013.49,2022-08-22,18
2022-08-22 02:00:00,18.66,47,3.12,243,0,1013.5,2022-08-22,18
2022-08-22 03:00:00,18.71,49,3.2,270,0,1013.61,2022-08-22,18
2022-08-22 04:00:00,19.51,48,3.37,294,0,1013.93,2022-08-22,18
2022-08-22 05:00:00,21.11,45,2.29,283,0,1014.35,2022-08-22,18
2022-08-22 06:00:00,22.99,41,2.95,283,0,1014.66,2022-08-22,18
2022-08-22 07:00:00,24.86,39,3.35,279,0,1014.79,2022-08-22,18
2022-08-22 08:00:00,26.63,36,3.32,266,0,1014.81,2022-08-22,18
2022-08-22 09:00:00,28.35,34,4.62,268,0,1014.67,2022-08-22,18
2022-08-22 10:00:00,29.88,32,4.2,270,0,1014.32,2022-08-22,18
2022-08-22 11:00:00,31.29,30,4.26,270,0,1013.81,2022-08-22,18
2022-08-22 12:00:00,32.05,29,3.29,274,0,1013.21,2022-08-22,18
2022-08-22 13:00:00,32.3,31,2.68,284,0,1012.44,2022-08-22,18
2022-08-22 14:00:00,31.78,31,1.95,266,0,1011.59,2022-08-22,18
2022-08-22 15:00:00,30.94,30,1.93,253,0,1010.94,2022-08-22,18
2022-08-22 16:00:00,29.65,33,1.02,237,0,1010.56,2022-08-22,18
2022-08-22 17:00:00,28.16,39,1.77,198,0,1010.39,2022-08-22,18
2022-08-22 18:00:00,26.69,40,4.41,156,0,1010.52,2022-08-22,18
2022-08-22 19:00:00,25.48,47,5.58,165,0,1011.11,2022-08-22,18
2022-08-22 20:00:00,24.49,50,6.52,169,0,1012,2022-08-22,18
2022-08-22 21:00:00,23.6,51,5.55,176,0,1012.78,2022-08-22,18
2022-08-22 22:00:00,22.76,49,4.27,194,0,1013.32,2022-08-22,18
2022-08-22 23:00:00,21.7,50,3.5,218,0,1013.75,2022-08-22,18
2022-08-23 00:00:00,19.45,58,3.39,221,0,1014.06,2022-08-23,19
2022-08-23 01:00:00,18.93,63,3.41,206,0,1014.19,2022-08-23,19
2022-08-23 02:00:00,18.91,65,3.07,194,0,1014.21,2022-08-23,19
2022-08-23 03:00:00,19.15,64,3.02,195,0,1014.28,2022-08-23,19
2022-08-23 04:00:00,20.07,63,2.8,195,0,1014.49,2022-08-23,19
2022-08-23 05:00:00,21.65,60,2.82,197,0,1014.75,2022-08-23,19
2022-08-23 06:00:00,23.48,53,3.11,204,0,1014.99,2022-08-23,19
2022-08-23 07:00:00,25.33,48,4.02,225,0,1015.26,2022-08-23,19
2022-08-23 08:00:00,27.03,44,3.77,235,0,1015.5,2022-08-23,19
2022-08-23 09:00:00,28.63,41,2.39,236,0,1015.52,2022-08-23,19
2022-08-23 10:00:00,29.99,37,2.53,232,0,1015.2,2022-08-23,19
2022-08-23 11:00:00,30.86,35,2.41,221,0,1014.65,2022-08-23,19
2022-08-23 12:00:00,31.32,35,2.87,208,0,1014,2022-08-23,19
2022-08-23 13:00:00,31.47,35,2.76,239,0,1013.19,2022-08-23,19
2022-08-23 14:00:00,31.39,34,2.42,234,0,1012.28,2022-08-23,19
2022-08-23 15:00:00,30.81,36,2.82,220,0,1011.62,2022-08-23,19
2022-08-23 16:00:00,29.44,40,4.64,204,0,1011.32,2022-08-23,19
2022-08-23 17:00:00,27.64,47,5.79,190,0,1011.27,2022-08-23,19
2022-08-23 18:00:00,25.87,54,5.59,181,0,1011.48,2022-08-23,19
2022-08-23 19:00:00,24.66,59,5.77,177,0,1012.08,2022-08-23,19
2022-08-23 20:00:00,23.94,61,6.65,175,0,1012.93,2022-08-23,19
2022-08-23 21:00:00,23.41,62,6.54,171,0,1013.62,2022-08-23,19
2022-08-23 22:00:00,22.86,64,5.24,167,0,1013.99,2022-08-23,19
2022-08-23 23:00:00,22.24,65,4,162,0,1014.19,2022-08-23,19
2022-08-24 00:00:00,21.31,66,3.82,160,0,1014.29,2022-08-24,20
2022-08-24 01:00:00,20.93,70,2.68,154,0,1014.26,2022-08-24,20
2022-08-24 02:00:00,20.76,71,2.11,154,0,1014.12,2022-08-24,20
2022-08-24 03:00:00,20.96,70,2.36,153,0,1014.06,2022-08-24,20
2022-08-24 04:00:00,21.83,68,2.41,160,0,1014.16,2022-08-24,20
2022-08-24 05:00:00,23.48,64,2.35,159,0,1014.33,2022-08-24,20
2022-08-24 06:00:00,25.61,56,3.18,156,0,1014.46,2022-08-24,20
2022-08-24 07:00:00,27.96,49,2.44,152,0,1014.56,2022-08-24,20
2022-08-24 08:00:00,30.18,41,1.17,164,0,1014.63,2022-08-24,20
2022-08-24 09:00:00,32.02,37,2.21,182,0,1014.52,2022-08-24,20
2022-08-24 10:00:00,33.24,33,3.29,179,0,1014.12,2022-08-24,20
2022-08-24 11:00:00,34.01,33,3.58,180,0,1013.55,2022-08-24,20
2022-08-24 12:00:00,34.21,32,4.37,178,0,1013.01,2022-08-24,20
2022-08-24 13:00:00,33.97,33,4.84,181,0,1012.48,2022-08-24,20
2022-08-24 14:00:00,32.95,36,5.54,177,0,1011.99,2022-08-24,20
2022-08-24 15:00:00,31.3,41,6.08,177,0,1011.77,2022-08-24,20
2022-08-24 16:00:00,29.07,47,7.14,179,0,1012,2022-08-24,20
2022-08-24 17:00:00,26.89,56,7.26,175,0,1012.51,2022-08-24,20
2022-08-24 18:00:00,25.21,62,7,173,0,1013.05,2022-08-24,20
2022-08-24 19:00:00,24.32,64,6.79,172,0,1013.58,2022-08-24,20
2022-08-24 20:00:00,23.93,64,6.32,169,0,1014.13,2022-08-24,20
2022-08-24 21:00:00,23.72,63,6.06,167,0,1014.54,2022-08-24,20
2022-08-24 22:00:00,23.42,62,5.78,166,0,1014.76,2022-08-24,20
2022-08-24 23:00:00,22.62,62,4.91,166,0,1014.84,2022-08-24,20
2022-08-25 00:00:00,21.79,61,3.83,162,0,1014.82,2022-08-25,21
2022-08-25 01:00:00,20.89,64,3.91,225,0,1014.64,2022-08-25,21
2022-08-25 02:00:00,20.55,65,3.35,193,0,1014.36,2022-08-25,21
2022-08-25 03:00:00,20.79,63,2.17,172,0,1014.2,2022-08-25,21
2022-08-25 04:00:00,21.74,61,1.63,162,0,1014.29,2022-08-25,21
2022-08-25 05:00:00,23.46,58,1.53,165,0,1014.5,2022-08-25,21
2022-08-25 06:00:00,25.52,50,0.99,158,0,1014.7,2022-08-25,21
2022-08-25 07:00:00,27.84,44,0.6,261,0,1014.92,2022-08-25,21
2022-08-25 08:00:00,29.9,39,1.65,65,0,1015.12,2022-08-25,21
2022-08-25 09:00:00,31.64,36,0.88,70,0,1015.12,2022-08-25,21
2022-08-25 10:00:00,32.78,33,0.75,264,0,1014.72,2022-08-25,21
2022-08-25 11:00:00,33.24,33,2.03,235,0,1014.1,2022-08-25,21
2022-08-25 12:00:00,33.07,32,2.47,223,0,1013.64,2022-08-25,21
2022-08-25 13:00:00,32.4,33,2.72,254,0,1013.48,2022-08-25,21
2022-08-25 14:00:00,31.35,35,3.12,225,0,1013.47,2022-08-25,21
2022-08-25 15:00:00,29.93,39,2.66,219,0,1013.5,2022-08-25,21
2022-08-25 16:00:00,28.17,44,2.95,219,0,1013.44,2022-08-25,21
2022-08-25 17:00:00,26.43,50,5.73,206,0,1013.42,2022-08-25,21
2022-08-25 18:00:00,24.97,55,6.25,218,1,1013.67,2022-08-25,21
2022-08-25 19:00:00,23.92,58,2.6,211,0,1014.49,2022-08-25,21
2022-08-25 20:00:00,23.27,60,0.88,148,2.6,1015.59,2022-08-25,21
2022-08-25 21:00:00,22.83,59,0.99,188,0,1016.35,2022-08-25,21
2022-08-25 22:00:00,22.41,60,1.45,216,0,1016.43,2022-08-25,21
2022-08-25 23:00:00,21.12,61,2.63,198,0,1016.16,2022-08-25,21
2022-08-26 00:00:00,19.7,70,3.84,211,0,1015.93,2022-08-26,22
2022-08-26 01:00:00,18.39,74,2.96,284,0,1015.88,2022-08-26,22
2022-08-26 02:00:00,18.2,75,2.42,331,0,1015.87,2022-08-26,22
2022-08-26 03:00:00,18.63,73,0.91,326,0,1015.89,2022-08-26,22
2022-08-26 04:00:00,19.63,69,0.76,203,0,1015.94,2022-08-26,22
2022-08-26 05:00:00,21.1,63,0.9,225,0,1016.03,2022-08-26,22
2022-08-26 06:00:00,22.83,57,1.62,238,0,1016.12,2022-08-26,22
2022-08-26 07:00:00,24.64,52,1.83,275,0,1016.31,2022-08-26,22
2022-08-26 08:00:00,27.12,47,2.11,281,0,1016.5,2022-08-26,22
2022-08-26 09:00:00,30.21,43,2.66,283,0,1016.4,2022-08-26,22
2022-08-26 10:00:00,33.08,40,3.73,279,0,1015.8,2022-08-26,22
2022-08-26 11:00:00,35.05,37,3.89,270,0,1014.91,2022-08-26,22
2022-08-26 12:00:00,33.66,35,3.68,263,0,1013.98,2022-08-26,22
2022-08-26 13:00:00,32.14,38,2.51,268,0,1013.01,2022-08-26,22
2022-08-26 14:00:00,30.48,39,2,262,0,1012.01,2022-08-26,22
2022-08-26 15:00:00,28.93,40,1.99,250,0,1011.3,2022-08-26,22
2022-08-26 16:00:00,27.4,45,2.05,239,0,1011,2022-08-26,22
2022-08-26 17:00:00,25.98,48,2.22,223,0,1010.99,2022-08-26,22
2022-08-26 18:00:00,24.68,47,4.47,197,0,1011.16,2022-08-26,22
2022-08-26 19:00:00,23.56,53,4.96,183,0,1011.58,2022-08-26,22
2022-08-26 20:00:00,22.59,58,5.84,174,0,1012.19,2022-08-26,22
2022-08-26 21:00:00,21.71,59,5.75,172,0,1012.67,2022-08-26,22
2022-08-26 22:00:00,20.87,59,5.6,177,0,1012.89,2022-08-26,22
2022-08-26 23:00:00,19.91,62,4.42,182,0,1012.97,2022-08-26,22
2022-08-27 00:00:00,19.87,66,2.66,183,0,1013.01,2022-08-27,23
2022-08-27 01:00:00,20.93,70,2.19,198,0,1013,2022-08-27,23
2022-08-27 02:00:00,22.46,72,2.4,216,0,1012.94,2022-08-27,23
2022-08-27 03:00:00,22.67,70,2.3,211,0,1012.91,2022-08-27,23
2022-08-27 04:00:00,22.03,66,2.97,212,0,1012.94,2022-08-27,23
2022-08-27 05:00:00,21.67,60,3.61,200,0,1013,2022-08-27,23
2022-08-27 06:00:00,22.47,54,4.15,209,0,1013.13,2022-08-27,23
2022-08-27 07:00:00,23.87,48,4.07,224,0,1013.46,2022-08-27,23
2022-08-27 08:00:00,25.47,44,4.36,242,0,1013.87,2022-08-27,23
2022-08-27 09:00:00,27.13,41,4.08,247,0,1013.97,2022-08-27,23
2022-08-27 10:00:00,28.68,37,3.82,248,0,1013.54,2022-08-27,23
2022-08-27 11:00:00,29.95,34,3.14,249,0,1012.82,2022-08-27,23
2022-08-27 12:00:00,30.59,34,2.42,238,0,1012.09,2022-08-27,23
2022-08-27 13:00:00,30.64,34,2.42,247,0,1011.39,2022-08-27,23
2022-08-27 14:00:00,30.06,33,2.42,243,0,1010.7,2022-08-27,23
2022-08-27 15:00:00,29.04,35,3.05,228,0,1010.23,2022-08-27,23
2022-08-27 16:00:00,27.5,39,4.52,209,0,1010.09,2022-08-27,23
2022-08-27 17:00:00,25.79,46,6.19,185,0,1010.18,2022-08-27,23
2022-08-27 18:00:00,24.16,51,6.04,184,0,1010.41,2022-08-27,23
2022-08-27 19:00:00,23.01,56,5.85,180,0,1010.81,2022-08-27,23
2022-08-27 20:00:00,22.22,58,6.61,176,0,1011.36,2022-08-27,23
2022-08-27 21:00:00,21.66,59,6.58,174,0,1011.87,2022-08-27,23
2022-08-27 22:00:00,21.03,60,6.68,172,0,1012.32,2022-08-27,23
2022-08-27 23:00:00,20.39,63,5.73,172,0,1012.73,2022-08-27,23
2022-08-28 00:00:00,19.73,64,3.94,169,0,1013.01,2022-08-28,24
2022-08-28 01:00:00,19.3,66,2.94,145,0,1013.04,2022-08-28,24
2022-08-28 02:00:00,18.99,68,2.84,153,0,1012.93,2022-08-28,24
2022-08-28 03:00:00,19.06,67,2.79,154,0,1012.9,2022-08-28,24
2022-08-28 04:00:00,19.69,64,3,154,0,1013.05,2022-08-28,24
2022-08-28 05:00:00,21.26,60,3.04,158,0,1013.28,2022-08-28,24
2022-08-28 06:00:00,23.51,54,3.28,158,0,1013.5,2022-08-28,24
2022-08-28 07:00:00,26.03,48,3.56,165,0,1013.75,2022-08-28,24
2022-08-28 08:00:00,28.35,43,1.97,165,0,1013.98,2022-08-28,24
2022-08-28 09:00:00,30.38,38,2.05,180,0,1014.04,2022-08-28,24
2022-08-28 10:00:00,31.94,34,2.56,189,0,1013.8,2022-08-28,24
2022-08-28 11:00:00,33.31,32,2.79,197,0,1013.38,2022-08-28,24
2022-08-28 12:00:00,33.95,27,2.95,204,0,1012.93,2022-08-28,24
2022-08-28 13:00:00,33.96,27,2.93,222,0,1012.44,2022-08-28,24
2022-08-28 14:00:00,32.93,28,3.94,218,0,1011.94,2022-08-28,24
2022-08-28 15:00:00,31.34,32,5.14,201,0,1011.61,2022-08-28,24
2022-08-28 16:00:00,29.22,40,6.65,187,0,1011.54,2022-08-28,24
2022-08-28 17:00:00,27,49,6.95,184,0,1011.64,2022-08-28,24
2022-08-28 18:00:00,25.05,51,7.16,181,0,1011.94,2022-08-28,24
2022-08-28 19:00:00,23.7,56,7.23,179,0,1012.52,2022-08-28,24
2022-08-28 20:00:00,22.8,57,7.67,177,0,1013.28,2022-08-28,24
2022-08-28 21:00:00,22.23,56,7.79,175,0,1013.96,2022-08-28,24
2022-08-28 22:00:00,21.72,54,6.65,172,0,1014.46,2022-08-28,24
2022-08-28 23:00:00,21.01,57,4.29,167,0,1014.87,2022-08-28,24
2022-08-29 00:00:00,20.19,59,3.39,162,0,1015.17,2022-08-29,25
2022-08-29 01:00:00,19.35,61,3.26,153,0,1015.31,2022-08-29,25
2022-08-29 02:00:00,18.85,62,4.22,162,0,1015.34,2022-08-29,25
2022-08-29 03:00:00,18.95,63,4.18,157,0,1015.37,2022-08-29,25
2022-08-29 04:00:00,19.83,61,3.97,157,0,1015.41,2022-08-29,25
2022-08-29 05:00:00,21.68,57,3.72,160,0,1015.46,2022-08-29,25
2022-08-29 06:00:00,24.06,50,3.24,149,0,1015.61,2022-08-29,25
2022-08-29 07:00:00,26.83,43,1.9,132,0,1016.05,2022-08-29,25
2022-08-29 08:00:00,29.27,36,1.62,170,0,1016.6,2022-08-29,25
2022-08-29 09:00:00,31.18,32,3.17,179,0,1016.84,2022-08-29,25
2022-08-29 10:00:00,32.26,31,5.02,176,0,1016.54,2022-08-29,25
2022-08-29 11:00:00,32.5,31,5.99,172,0,1015.93,2022-08-29,25
2022-08-29 12:00:00,32.21,36,6.23,173,0,1015.32,2022-08-29,25
2022-08-29 13:00:00,31.46,39,6.07,178,0,1014.74,2022-08-29,25
2022-08-29 14:00:00,30.35,42,6.51,175,0,1014.15,2022-08-29,25
2022-08-29 15:00:00,28.73,46,6.54,176,0,1013.78,2022-08-29,25
2022-08-29 16:00:00,26.75,50,5.76,185,0,1013.72,2022-08-29,25
2022-08-29 17:00:00,24.91,56,7.28,165,0,1013.88,2022-08-29,25
2022-08-29 18:00:00,23.43,57,5.9,179,1.6,1014.18,2022-08-29,25
2022-08-29 19:00:00,22.52,58,7.1,172,0,1014.7,2022-08-29,25
2022-08-29 20:00:00,21.95,57,7.16,172,0,1015.37,2022-08-29,25
2022-08-29 21:00:00,21.58,56,6.63,171,0,1015.89,2022-08-29,25
2022-08-29 22:00:00,21.25,55,5.67,167,0,1016.14,2022-08-29,25
2022-08-29 23:00:00,20.59,57,5.69,166,0,1016.24,2022-08-29,25
2022-08-30 00:00:00,19.93,63,5.31,164,0,1016.28,2022-08-30,26
2022-08-30 01:00:00,19.43,66,4.21,167,0,1016.25,2022-08-30,26
2022-08-30 02:00:00,19.61,67,3.46,168,0,1016.16,2022-08-30,26
2022-08-30 03:00:00,20.28,66,2.19,153,0,1016.13,2022-08-30,26
2022-08-30 04:00:00,21.38,63,1.32,156,0,1016.2,2022-08-30,26
2022-08-30 05:00:00,22.85,60,1.5,162,0,1016.34,2022-08-30,26
2022-08-30 06:00:00,24.55,56,1.61,180,0,1016.54,2022-08-30,26
2022-08-30 07:00:00,26.42,52,1.18,207,0,1016.93,2022-08-30,26
2022-08-30 08:00:00,28.31,48,1.28,239,0,1017.39,2022-08-30,26
2022-08-30 09:00:00,30.16,43,1.45,248,0,1017.58,2022-08-30,26
2022-08-30 10:00:00,31.8,39,1.34,245,0,1017.34,2022-08-30,26
2022-08-30 11:00:00,33.34,36,1.98,248,0,1016.83,2022-08-30,26
2022-08-30 12:00:00,34.08,33,2.77,245,0,1016.19,2022-08-30,26
2022-08-30 13:00:00,34.1,34,2.8,270,0,1015.35,2022-08-30,26
2022-08-30 14:00:00,33.15,34,2.98,293,0,1014.38,2022-08-30,26
2022-08-30 15:00:00,31.86,36,2.5,264,0,1013.64,2022-08-30,26
2022-08-30 16:00:00,30.27,39,3.39,226,0,1013.27,2022-08-30,26
2022-08-30 17:00:00,28.66,45,4.36,194,0,1013.14,2022-08-30,26
2022-08-30 18:00:00,27.25,49,5.15,184,0,1013.2,2022-08-30,26
2022-08-30 19:00:00,26.11,52,5.34,177,0,1013.55,2022-08-30,26
2022-08-30 20:00:00,25.19,53,5.69,171,0,1014.1,2022-08-30,26
2022-08-30 21:00:00,24.43,53,4.16,167,0,1014.53,2022-08-30,26
2022-08-30 22:00:00,23.75,52,3.26,161,0,1014.7,2022-08-30,26
2022-08-30 23:00:00,23.32,53,1.18,158,0,1014.75,2022-08-30,26
2022-08-31 00:00:00,22.91,57,0.7,160,0,1014.82,2022-08-31,27
2022-08-31 01:00:00,22.7,59,0.86,68,0,1015,2022-08-31,27
2022-08-31 02:00:00,22.62,57,0.56,99,0,1015.2,2022-08-31,27
2022-08-31 03:00:00,23,57,1.1,183,0,1015.33,2022-08-31,27
2022-08-31 04:00:00,23.79,58,1.91,178,0,1015.31,2022-08-31,27
2022-08-31 05:00:00,24.92,60,2.01,166,0,1015.22,2022-08-31,27
2022-08-31 06:00:00,26.24,56,3.42,173,0,1015.23,2022-08-31,27
2022-08-31 07:00:00,27.67,55,3.81,183,0,1015.53,2022-08-31,27
2022-08-31 08:00:00,29.02,49,3.22,196,0,1015.93,2022-08-31,27
2022-08-31 09:00:00,30.22,43,2.55,243,0,1016.06,2022-08-31,27
2022-08-31 10:00:00,31.15,39,2.65,262,0,1015.73,2022-08-31,27
2022-08-31 11:00:00,31.86,35,2.22,246,0,1015.13,2022-08-31,27
2022-08-31 12:00:00,31.99,30,3.35,241,0,1014.5,2022-08-31,27
2022-08-31 13:00:00,31.52,31,3.28,263,0,1013.82,2022-08-31,27
2022-08-31 14:00:00,30.25,33,3.15,258,0,1013.11,2022-08-31,27
2022-08-31 15:00:00,28.57,37,4.21,228,0,1012.64,2022-08-31,27
2022-08-31 16:00:00,26.67,46,5.18,182,0,1012.52,2022-08-31,27
2022-08-31 17:00:00,25.04,55,5.59,180,0,1012.64,2022-08-31,27
2022-08-31 18:00:00,23.84,58,5.11,176,0,1012.95,2022-08-31,27
2022-08-31 19:00:00,23.08,58,4.84,169,0,1013.54,2022-08-31,27
2022-08-31 20:00:00,22.45,57,4.84,167,0,1014.32,2022-08-31,27
2022-08-31 21:00:00,21.82,55,4.35,170,0,1014.9,2022-08-31,27
2022-08-31 22:00:00,21.1,56,3.83,167,0,1015.12,2022-08-31,27
2022-08-31 23:00:00,19.52,59,2.82,167,0,1015.16,2022-08-31,27
2022-09-01 00:00:00,18.15,83,2.21,172,0,1015.14,2022-09-01,28
2022-09-01 01:00:00,16.97,83,1.84,73,0,1015.08,2022-09-01,28
2022-09-01 02:00:00,16.57,80,2.08,87,0,1014.97,2022-09-01,28
2022-09-01 03:00:00,16.73,75,1.88,111,0,1014.89,2022-09-01,28
2022-09-01 04:00:00,17.23,71,1.11,164,0,1014.85,2022-09-01,28
2022-09-01 05:00:00,19.4,68,1.76,208,0,1014.85,2022-09-01,28
2022-09-01 06:00:00,20.53,64,1.69,213,0,1014.92,2022-09-01,28
2022-09-01 07:00:00,22.27,61,2.66,231,0,1015.23,2022-09-01,28
2022-09-01 08:00:00,23.52,58,2.11,246,0,1015.63,2022-09-01,28
2022-09-01 09:00:00,26.05,52,2.61,243,0,1015.68,2022-09-01,28
2022-09-01 10:00:00,28.49,47,2,247,0,1015.13,2022-09-01,28
2022-09-01 11:00:00,30.54,42,1.24,227,0,1014.25,2022-09-01,28
2022-09-01 12:00:00,31.87,40,1.6,210,0,1013.39,2022-09-01,28
2022-09-01 13:00:00,31.59,39,2.46,203,0,1012.63,2022-09-01,28
2022-09-01 14:00:00,30.46,41,2.88,196,0,1011.9,2022-09-01,28
2022-09-01 15:00:00,28.84,45,4.7,176,0,1011.34,2022-09-01,28
2022-09-01 16:00:00,27.02,57,5.18,174,0,1010.98,2022-09-01,28
2022-09-01 17:00:00,25.3,65,5.41,171,0,1010.78,2022-09-01,28
2022-09-01 18:00:00,23.9,68,4.82,169,0,1010.8,2022-09-01,28
2022-09-01 19:00:00,22.79,74,4.81,166,0,1011.18,2022-09-01,28
2022-09-01 20:00:00,21.91,78,4.34,163,0,1011.79,2022-09-01,28
2022-09-01 21:00:00,21.18,79,3.32,160,0,1012.21,2022-09-01,28
2022-09-01 22:00:00,20.53,81,2.3,153,0,1012.28,2022-09-01,28
2022-09-01 23:00:00,19.9,84,1.21,143,0,1012.18,2022-09-01,28
2022-09-02 00:00:00,19.29,92,0.07,138,0,1012.03,2022-09-02,29
2022-09-02 01:00:00,18.96,93,0.02,127,0,1011.81,2022-09-02,29
2022-09-02 02:00:00,19.13,93,0.52,119,0,1011.55,2022-09-02,29
2022-09-02 03:00:00,19.83,89,0.43,122,0,1011.39,2022-09-02,29
2022-09-02 04:00:00,20.97,85,0.38,170,0,1011.42,2022-09-02,29
2022-09-02 05:00:00,22.41,81,0.25,172,0,1011.56,2022-09-02,29
2022-09-02 06:00:00,24.08,75,0.84,157,0,1011.72,2022-09-02,29
2022-09-02 07:00:00,25.72,70,2.1,171,0,1011.92,2022-09-02,29
2022-09-02 08:00:00,27.3,65,2.33,190,0,1012.13,2022-09-02,29
2022-09-02 09:00:00,28.67,59,1.89,183,0,1012.19,2022-09-02,29
2022-09-02 10:00:00,29.85,54,0.76,178,0,1012.03,2022-09-02,29
2022-09-02 11:00:00,30.62,50,0.63,185,0,1011.72,2022-09-02,29
2022-09-02 12:00:00,30.82,47,0.58,193,0,1011.24,2022-09-02,29
2022-09-02 13:00:00,30.38,46,0.94,186,0,1010.48,2022-09-02,29
2022-09-02 14:00:00,29.39,47,0.82,180,0,1009.56,2022-09-02,29
2022-09-02 15:00:00,28.15,47,0.28,176,0,1008.83,2022-09-02,29
2022-09-02 16:00:00,26.85,54,0.18,178,0,1008.4,2022-09-02,29
2022-09-02 17:00:00,25.63,58,0.68,161,0,1008.16,2022-09-02,29
2022-09-02 18:00:00,24.6,60,1.39,147,0,1008.19,2022-09-02,29
2022-09-02 19:00:00,23.7,65,1.74,146,0,1008.63,2022-09-02,29
2022-09-02 20:00:00,22.86,70,1.33,147,0,1009.33,2022-09-02,29
2022-09-02 21:00:00,22.02,72,2.11,149,0,1009.89,2022-09-02,29
2022-09-02 22:00:00,21.15,73,2.07,154,0,1010.15,2022-09-02,29
2022-09-04 00:00:00,18.83,76,1.17,162,0,1013.72,2022-09-04,31
2022-09-04 01:00:00,18.07,75,1.43,147,0,1013.91,2022-09-04,31
2022-09-04 02:00:00,17.75,74,1.4,161,0,1013.99,2022-09-04,31
2022-09-04 03:00:00,18.18,74,1.59,162,0,1014.15,2022-09-04,31
2022-09-04 04:00:00,19.26,69,2.3,165,0,1014.47,2022-09-04,31
2022-09-04 05:00:00,20.89,66,1.58,160,0,1014.88,2022-09-04,31
2022-09-04 06:00:00,22.82,62,1.14,144,0,1015.29,2022-09-04,31
2022-09-04 07:00:00,24.87,56,0.57,124,0,1015.77,2022-09-04,31
2022-09-04 08:00:00,26.81,51,0,180,0,1016.26,2022-09-04,31
2022-09-04 09:00:00,28.5,45,0.12,360,0,1016.5,2022-09-04,31
2022-09-04 10:00:00,29.78,41,0,259,0,1016.33,2022-09-04,31
2022-09-04 11:00:00,30.71,37,0.47,203,0,1015.91,2022-09-04,31
2022-09-04 12:00:00,30.9,34,2.45,179,0,1015.5,2022-09-04,31
2022-09-04 13:00:00,30.4,37,3.25,180,0,1015.16,2022-09-04,31
2022-09-04 14:00:00,29.13,41,3.67,173,0,1014.82,2022-09-04,31
2022-09-04 15:00:00,27.62,49,3.99,164,0,1014.62,2022-09-04,31
2022-09-04 16:00:00,26.06,55,4.29,164,0,1014.57,2022-09-04,31
2022-09-04 17:00:00,24.67,59,4.54,163,0,1014.64,2022-09-04,31
2022-09-04 18:00:00,23.48,61,4.31,162,0,1014.89,2022-09-04,31
2022-09-04 19:00:00,22.52,63,4.24,163,0,1015.41,2022-09-04,31
2022-09-04 20:00:00,21.74,65,4.28,160,0,1016.1,2022-09-04,31
2022-09-04 21:00:00,21.12,67,4,153,0,1016.7,2022-09-04,31
2022-09-04 22:00:00,20.61,66,2.61,150,0,1017.12,2022-09-04,31
2022-09-04 23:00:00,20.02,68,1.92,145,0,1017.44,2022-09-04,31
2022-09-05 00:00:00,20.59,78,1.82,142,0,1017.64,2022-09-05,32
2022-09-05 01:00:00,19.6,77,0.84,147,0,1017.63,2022-09-05,32
2022-09-05 02:00:00,18.85,78,0.68,155,0,1017.49,2022-09-05,32
2022-09-05 03:00:00,18.87,78,1.05,145,0,1017.45,2022-09-05,32
2022-09-05 04:00:00,19.8,74,1.44,135,0,1017.61,2022-09-05,32
2022-09-05 05:00:00,21.64,70,1.21,122,0,1017.88,2022-09-05,32
2022-09-05 06:00:00,23.8,63,1.68,121,0,1018.12,2022-09-05,32
2022-09-05 07:00:00,25.98,58,0.47,133,0,1018.39,2022-09-05,32
2022-09-05 08:00:00,27.83,51,0.3,169,0,1018.64,2022-09-05,32
2022-09-05 09:00:00,29.42,45,1.37,182,0,1018.65,2022-09-05,32
2022-09-05 10:00:00,30.55,42,2.53,172,0,1018.26,2022-09-05,32
2022-09-05 11:00:00,31.35,40,3.64,170,0,1017.63,2022-09-05,32
2022-09-05 12:00:00,31.46,39,3.81,168,0,1017.04,2022-09-05,32
2022-09-05 13:00:00,30.94,42,3.73,176,0,1016.57,2022-09-05,32
2022-09-05 14:00:00,29.64,46,3.93,178,0,1016.14,2022-09-05,32
2022-09-05 15:00:00,28.03,53,3.57,174,0,1015.81,2022-09-05,32
2022-09-05 16:00:00,26.45,60,3.1,173,0,1015.57,2022-09-05,32
2022-09-05 17:00:00,25.16,61,2.68,165,0,1015.43,2022-09-05,32
2022-09-05 18:00:00,24.22,60,2.58,160,0,1015.49,2022-09-05,32
2022-09-05 19:00:00,23.41,62,2.54,161,0,1015.89,2022-09-05,32
2022-09-05 20:00:00,22.59,65,2.44,160,0,1016.49,2022-09-05,32
2022-09-05 21:00:00,21.72,66,2.75,160,0,1016.97,2022-09-05,32
2022-09-05 22:00:00,20.97,68,3.39,165,0,1017.21,2022-09-05,32
2022-09-05 23:00:00,20.31,70,2.88,165,0,1017.34,2022-09-05,32
2022-09-06 00:00:00,20.57,77,2.54,166,0,1017.38,2022-09-06,33
2022-09-06 01:00:00,19.81,76,1.61,148,0,1017.31,2022-09-06,33
2022-09-06 02:00:00,19.21,77,0.8,135,0,1017.15,2022-09-06,33
2022-09-06 03:00:00,19.25,76,0.61,143,0,1017.04,2022-09-06,33
2022-09-06 04:00:00,20.1,73,0,180,0,1017,2022-09-06,33
2022-09-06 05:00:00,21.76,69,0.27,254,0,1017.01,2022-09-06,33
2022-09-06 06:00:00,23.67,63,0.95,236,0,1017.08,2022-09-06,33
2022-09-06 07:00:00,25.61,57,1.74,267,0,1017.32,2022-09-06,33
2022-09-06 08:00:00,27.38,50,2.03,282,0,1017.62,2022-09-06,33
2022-09-06 09:00:00,29.12,41,2.12,288,0,1017.69,2022-09-06,33
2022-09-06 10:00:00,30.61,33,1.92,285,0,1017.39,2022-09-06,33
2022-09-06 11:00:00,31.74,27,2.55,277,0,1016.85,2022-09-06,33
2022-09-06 12:00:00,32.1,23,2.71,268,0,1016.24,2022-09-06,33
2022-09-06 13:00:00,31.76,23,2.36,288,0,1015.52,2022-09-06,33
2022-09-06 14:00:00,30.73,24,2.13,288,0,1014.71,2022-09-06,33
2022-09-06 15:00:00,29.41,27,1.28,273,0,1014.09,2022-09-06,33
2022-09-06 16:00:00,28.06,30,0.77,251,0,1013.74,2022-09-06,33
2022-09-06 17:00:00,26.86,31,1.69,216,0,1013.57,2022-09-06,33
2022-09-06 18:00:00,25.82,33,4.27,196,0,1013.55,2022-09-06,33
2022-09-06 19:00:00,24.78,37,4.53,185,0,1013.72,2022-09-06,33
2022-09-06 20:00:00,23.7,42,4.11,177,0,1014.04,2022-09-06,33
2022-09-06 21:00:00,22.6,43,3.92,169,0,1014.35,2022-09-06,33
2022-09-06 22:00:00,21.62,43,4.78,169,0,1014.64,2022-09-06,33
2022-09-06 23:00:00,20.77,43,3.56,171,0,1014.91,2022-09-06,33
2022-09-07 00:00:00,20.07,49,3.18,171,0,1015.01,2022-09-07,34
2022-09-07 01:00:00,19.38,47,2.41,174,0,1014.79,2022-09-07,34
2022-09-07 02:00:00,18.81,48,1.94,171,0,1014.4,2022-09-07,34
2022-09-07 03:00:00,18.73,50,1.1,164,0,1014.16,2022-09-07,34
2022-09-07 04:00:00,19.46,50,1.08,180,0,1014.23,2022-09-07,34
2022-09-07 05:00:00,21.12,47,2.08,202,0,1014.45,2022-09-07,34
2022-09-07 06:00:00,23.16,42,2.59,222,0,1014.67,2022-09-07,34
2022-09-07 07:00:00,25.29,37,2.25,248,0,1014.94,2022-09-07,34
2022-09-07 08:00:00,27.22,32,2.54,261,0,1015.22,2022-09-07,34
2022-09-07 09:00:00,29,28,2.56,270,0,1015.24,2022-09-07,34
2022-09-07 10:00:00,30.34,25,2.18,264,0,1014.8,2022-09-07,34
2022-09-07 11:00:00,31.12,24,2.12,258,0,1014.1,2022-09-07,34
2022-09-07 12:00:00,31.19,25,2.16,261,0,1013.43,2022-09-07,34
2022-09-07 13:00:00,30.68,24,1.76,283,0,1012.83,2022-09-07,34
2022-09-07 14:00:00,29.65,26,1.72,288,0,1012.26,2022-09-07,34
2022-09-07 15:00:00,28.29,28,2.62,274,0,1011.86,2022-09-07,34
2022-09-07 16:00:00,26.84,30,2.14,261,0,1011.71,2022-09-07,34
2022-09-07 17:00:00,25.55,30,2.47,262,0,1011.73,2022-09-07,34
2022-09-07 18:00:00,24.58,31,2.71,249,0,1011.87,2022-09-07,34
2022-09-07 19:00:00,23.79,30,2.01,213,0,1012.16,2022-09-07,34
2022-09-07 20:00:00,23.07,31,1.63,198,0,1012.56,2022-09-07,34
2022-09-07 21:00:00,22.25,32,1.64,167,0,1012.94,2022-09-07,34
2022-09-07 22:00:00,21.42,34,1.83,180,0,1013.27,2022-09-07,34
2022-09-07 23:00:00,20.06,36,1.97,180,0,1013.57,2022-09-07,34
2022-09-08 00:00:00,19.33,40,1.75,211,0,1013.8,2022-09-08,35
2022-09-08 01:00:00,19.32,38,1.41,270,0,1013.9,2022-09-08,35
2022-09-08 02:00:00,20.25,39,1.2,270,0,1013.92,2022-09-08,35
2022-09-08 03:00:00,20.72,38,0.97,279,0,1013.99,2022-09-08,35
2022-09-08 04:00:00,20.95,37,0.67,275,0,1014.14,2022-09-08,35
2022-09-08 05:00:00,21.5,36,0.5,275,0,1014.35,2022-09-08,35
2022-09-08 06:00:00,22.71,32,0.76,274,0,1014.65,2022-09-08,35
2022-09-08 07:00:00,24.13,29,1.29,285,0,1015.18,2022-09-08,35
2022-09-08 08:00:00,25.46,27,2.67,295,0,1015.81,2022-09-08,35
2022-09-08 09:00:00,26.54,26,2.88,295,0,1016.21,2022-09-08,35
2022-09-08 10:00:00,27.24,27,3.15,305,0,1016.22,2022-09-08,35
2022-09-08 11:00:00,26.65,28,2.34,279,0,1016,2022-09-08,35
2022-09-08 12:00:00,25.81,37,3.18,263,0,1015.66,2022-09-08,35
2022-09-08 13:00:00,24.74,37,4.41,268,0,1015.16,2022-09-08,35
2022-09-08 14:00:00,24.3,40,4.09,283,0,1014.54,2022-09-08,35
2022-09-08 15:00:00,23.47,44,3.38,295,0,1014.08,2022-09-08,35
2022-09-08 16:00:00,22.49,46,2.51,270,0,1013.85,2022-09-08,35
2022-09-08 17:00:00,21.64,49,2.6,242,0,1013.78,2022-09-08,35
2022-09-08 18:00:00,21.06,46,1.89,228,0,1013.87,2022-09-08,35
2022-09-08 19:00:00,20.65,46,1.9,206,0,1014.22,2022-09-08,35
2022-09-08 20:00:00,20.26,45,3.43,184,0,1014.73,2022-09-08,35
2022-09-08 21:00:00,19.79,45,4.48,180,0,1015.15,2022-09-08,35
2022-09-08 22:00:00,19.39,48,4.83,180,0,1015.37,2022-09-08,35
2022-09-08 23:00:00,18.82,50,4.83,178,0,1015.5,2022-09-08,35
2022-09-09 00:00:00,19.21,62,4.87,177,0,1015.55,2022-09-09,36
2022-09-09 01:00:00,20.59,62,3.75,190,0,1015.47,2022-09-09,36
2022-09-09 02:00:00,22.5,63,3.03,180,0,1015.31,2022-09-09,36
2022-09-09 03:00:00,23.03,61,1.98,176,0,1015.25,2022-09-09,36
2022-09-09 04:00:00,22.64,59,1.58,159,0,1015.36,2022-09-09,36
2022-09-09 05:00:00,22.44,56,1.72,185,0,1015.57,2022-09-09,36
2022-09-09 06:00:00,23.29,50,2.38,222,0,1015.89,2022-09-09,36
2022-09-09 07:00:00,24.57,45,2.96,263,0,1016.44,2022-09-09,36
2022-09-09 08:00:00,25.9,40,3.28,274,0,1017.09,2022-09-09,36
2022-09-09 09:00:00,27.14,37,3.6,280,0,1017.46,2022-09-09,36
2022-09-09 10:00:00,28.18,35,3.68,278,0,1017.32,2022-09-09,36
2022-09-09 11:00:00,29.08,33,3.37,286,0,1016.89,2022-09-09,36
2022-09-09 12:00:00,29.5,32,3.85,293,0,1016.43,2022-09-09,36
2022-09-09 13:00:00,29.36,32,4.34,282,0,1015.94,2022-09-09,36
2022-09-09 14:00:00,28.46,34,4.12,289,0,1015.41,2022-09-09,36
2022-09-09 15:00:00,27.13,37,4.03,292,0,1015.06,2022-09-09,36
2022-09-09 16:00:00,25.6,39,3.94,291,0,1014.97,2022-09-09,36
2022-09-09 17:00:00,24.2,38,3.12,296,0,1015.07,2022-09-09,36
2022-09-09 18:00:00,23.03,38,0.13,304,0,1015.35,2022-09-09,36
2022-09-09 19:00:00,22.06,38,0.28,241,0,1015.89,2022-09-09,36
2022-09-09 20:00:00,21.09,42,1.43,180,0,1016.62,2022-09-09,36
2022-09-09 21:00:00,20.1,49,2.13,180,0,1017.34,2022-09-09,36
2022-09-09 22:00:00,19.15,58,2.48,180,0,1018.04,2022-09-09,36
2022-09-09 23:00:00,18.46,64,1.96,183,0,1018.72,2022-09-09,36
2022-09-10 00:00:00,17.91,68,1.47,182,0,1019.2,2022-09-10,37
2022-09-10 01:00:00,17.42,71,1.81,195,0,1019.32,2022-09-10,37
2022-09-10 02:00:00,16.99,76,2.42,190,0,1019.22,2022-09-10,37
2022-09-10 03:00:00,17.08,78,3.16,201,0,1019.18,2022-09-10,37
2022-09-10 04:00:00,17.88,75,3.52,199,0,1019.29,2022-09-10,37
2022-09-10 05:00:00,19.47,70,2.68,199,0,1019.45,2022-09-10,37
2022-09-10 06:00:00,21.38,58,2.33,202,0,1019.62,2022-09-10,37
2022-09-10 07:00:00,23.45,48,2.72,208,0,1019.9,2022-09-10,37
2022-09-10 08:00:00,25.3,39,2.64,228,0,1020.2,2022-09-10,37
2022-09-10 09:00:00,26.97,35,2.62,237,0,1020.19,2022-09-10,37
2022-09-10 10:00:00,28.27,33,3.15,228,0,1019.68,2022-09-10,37
2022-09-10 11:00:00,29.26,33,2.97,219,0,1018.86,2022-09-10,37
2022-09-10 12:00:00,29.76,36,2.84,217,0,1018,2022-09-10,37
2022-09-10 13:00:00,29.7,37,3.59,226,0,1017.07,2022-09-10,37
2022-09-10 14:00:00,28.86,43,4.42,211,0,1016.1,2022-09-10,37
2022-09-10 15:00:00,27.31,50,4.62,198,0,1015.41,2022-09-10,37
2022-09-10 16:00:00,25.36,59,5.52,186,0,1015.17,2022-09-10,37
2022-09-10 17:00:00,23.5,68,6.19,182,0,1015.22,2022-09-10,37
2022-09-10 18:00:00,22.2,75,6.1,180,0,1015.39,2022-09-10,37
2022-09-10 19:00:00,21.5,78,6.23,176,0,1015.69,2022-09-10,37
2022-09-10 20:00:00,21.18,81,5.95,172,0,1016.13,2022-09-10,37
2022-09-10 21:00:00,20.93,80,5.41,172,0,1016.52,2022-09-10,37
2022-09-10 22:00:00,20.6,78,3.72,163,0,1016.87,2022-09-10,37
2022-09-10 23:00:00,20.06,79,2.48,157,0,1017.17,2022-09-10,37
2022-09-11 00:00:00,19.51,82,2.06,155,0,1017.29,2022-09-11,38
2022-09-11 01:00:00,19.06,84,1.29,126,0,1017.08,2022-09-11,38
2022-09-11 02:00:00,19.02,83,0.88,127,0,1016.68,2022-09-11,38
2022-09-11 03:00:00,19.44,81,1.26,144,0,1016.39,2022-09-11,38
2022-09-11 04:00:00,20.4,75,1.4,151,0,1016.33,2022-09-11,38
2022-09-11 05:00:00,21.9,69,1.31,140,0,1016.38,2022-09-11,38
2022-09-11 06:00:00,23.77,63,1.11,143,0,1016.45,2022-09-11,38
2022-09-11 07:00:00,25.83,57,1.08,158,0,1016.61,2022-09-11,38
2022-09-11 08:00:00,27.8,52,1.33,167,0,1016.81,2022-09-11,38
2022-09-11 09:00:00,29.54,48,1.49,171,0,1016.77,2022-09-11,38
2022-09-11 10:00:00,30.88,45,2.03,170,0,1016.36,2022-09-11,38
2022-09-11 11:00:00,32.05,43,2.7,169,0,1015.73,2022-09-11,38
2022-09-11 12:00:00,32.68,37,3.49,171,0,1015.02,2022-09-11,38
2022-09-11 13:00:00,32.68,38,3.72,188,0,1014.2,2022-09-11,38
2022-09-11 14:00:00,31.59,41,4.41,182,0,1013.3,2022-09-11,38
2022-09-11 15:00:00,29.71,47,4.75,173,0,1012.62,2022-09-11,38
2022-09-11 16:00:00,27.37,54,5.66,168,0,1012.25,2022-09-11,38
2022-09-11 17:00:00,25.14,62,6.15,171,0,1012.08,2022-09-11,38
2022-09-11 18:00:00,23.47,66,6.71,171,0,1012.13,2022-09-11,38
2022-09-11 19:00:00,22.47,65,6.97,172,0,1012.49,2022-09-11,38
2022-09-11 20:00:00,21.89,66,7.22,170,0,1013.07,2022-09-11,38
2022-09-11 21:00:00,21.38,64,6.28,167,0,1013.53,2022-09-11,38
2022-09-11 22:00:00,20.8,63,4.21,161,0,1013.79,2022-09-11,38
2022-09-11 23:00:00,20.24,65,3.59,156,0,1013.95,2022-09-11,38
2022-09-12 00:00:00,19.81,67,2.28,154,0,1013.96,2022-09-12,39
2022-09-12 01:00:00,19.47,68,2.2,135,0,1013.75,2022-09-12,39
2022-09-12 02:00:00,19.18,72,2,165,0,1013.4,2022-09-12,39
2022-09-12 03:00:00,19.3,74,2.12,155,0,1013.14,2022-09-12,39
2022-09-12 04:00:00,20.08,72,2.83,163,0,1013.05,2022-09-12,39
2022-09-12 05:00:00,21.81,67,3.18,164,0,1013.05,2022-09-12,39
2022-09-12 06:00:00,24.02,59,3.89,160,0,1013.12,2022-09-12,39
2022-09-12 07:00:00,26.52,52,3.57,160,0,1013.38,2022-09-12,39
2022-09-12 08:00:00,28.77,46,2.77,164,0,1013.72,2022-09-12,39
2022-09-12 09:00:00,30.65,42,2.86,169,0,1013.79,2022-09-12,39
2022-09-12 10:00:00,31.9,39,2.7,165,0,1013.42,2022-09-12,39
2022-09-12 11:00:00,33.04,38,3.49,174,0,1012.78,2022-09-12,39
2022-09-12 12:00:00,33.55,31,3.99,171,0,1012.09,2022-09-12,39
2022-09-12 13:00:00,33.39,31,4.32,156,0,1011.3,2022-09-12,39
2022-09-12 14:00:00,31.99,35,5.76,171,0,1010.45,2022-09-12,39
2022-09-12 15:00:00,29.93,40,6.33,172,0,1009.86,2022-09-12,39
2022-09-12 16:00:00,27.67,42,6.67,170,0,1009.61,2022-09-12,39
2022-09-12 17:00:00,25.7,47,6.73,172,0,1009.62,2022-09-12,39
2022-09-12 18:00:00,24.4,51,6.69,170,0,1009.91,2022-09-12,39
2022-09-12 19:00:00,23.72,52,6.18,166,0,1010.7,2022-09-12,39
2022-09-12 20:00:00,23.36,54,4.35,166,0,1011.78,2022-09-12,39
2022-09-12 21:00:00,23.02,55,2.84,162,0,1012.52,2022-09-12,39
2022-09-12 22:00:00,22.89,56,1.23,195,0,1012.62,2022-09-12,39
2022-09-12 23:00:00,23.03,57,2.5,125,0,1012.38,2022-09-12,39
2022-09-13 00:00:00,23.51,72,0.81,180,0,1012.07,2022-09-13,40
2022-09-13 01:00:00,23.9,72,0.53,180,0,1011.71,2022-09-13,40
2022-09-13 02:00:00,23.87,75,1.06,129,0,1011.27,2022-09-13,40
2022-09-13 03:00:00,23.1,76,0.86,198,0,1010.95,2022-09-13,40
2022-09-13 04:00:00,22.96,73,0.25,174,0,1010.81,2022-09-13,40
2022-09-13 05:00:00,23.65,69,3.15,153,0,1010.79,2022-09-13,40
2022-09-13 06:00:00,25.47,65,1.28,167,0,1010.86,2022-09-13,40
2022-09-13 07:00:00,26.51,63,0.82,158,0,1011.04,2022-09-13,40
2022-09-13 08:00:00,27.09,63,4.24,229,0,1011.31,2022-09-13,40
2022-09-13 09:00:00,27.34,63,1.22,228,0,1011.61,2022-09-13,40
2022-09-13 10:00:00,26.92,67,0.89,61,0,1012.02,2022-09-13,40
2022-09-13 11:00:00,26.04,72,0.04,227,1.7,1012.46,2022-09-13,40
2022-09-13 12:00:00,24.81,79,4.71,155,4.5,1012.65,2022-09-13,40
2022-09-13 13:00:00,23.56,85,2.59,146,1.9,1012.42,2022-09-13,40
2022-09-13 14:00:00,22.51,90,2.37,100,2.4,1011.95,2022-09-13,40
2022-09-13 15:00:00,21.48,94,4.75,100,1.5,1011.47,2022-09-13,40
2022-09-13 16:00:00,20.7,96,4.82,110,0,1010.98,2022-09-13,40
2022-09-13 17:00:00,20.27,95,2.3,103,0,1010.49,2022-09-13,40
2022-09-13 18:00:00,20.19,93,0.17,110,0,1010.22,2022-09-13,40
2022-09-13 19:00:00,20.27,90,3.49,315,0,1010.35,2022-09-13,40
2022-09-13 20:00:00,20.25,88,1.72,327,0,1010.7,2022-09-13,40
2022-09-13 21:00:00,19.96,88,0.84,60,0,1011.05,2022-09-13,40
2022-09-13 22:00:00,19.43,89,0.98,56,0,1011.37,2022-09-13,40
2022-09-13 23:00:00,18.98,90,0.1,45,0,1011.68,2022-09-13,40
2022-09-14 00:00:00,18.71,91,0.43,21,6.7,1011.79,2022-09-14,41
2022-09-14 01:00:00,18.57,91,0.44,24,0,1011.54,2022-09-14,41
2022-09-14 02:00:00,18.44,92,1.18,90,9.9,1011.09,2022-09-14,41
2022-09-14 03:00:00,18.46,93,1.34,90,7.9,1010.78,2022-09-14,41
2022-09-14 04:00:00,19.49,88,0.74,108,0,1010.75,2022-09-14,41
2022-09-14 05:00:00,20.95,82,0.48,198,0,1010.86,2022-09-14,41
2022-09-14 06:00:00,22.72,75,0.12,270,0,1011,2022-09-14,41
2022-09-14 07:00:00,23.82,71,0.31,230,0,1011.2,2022-09-14,41
2022-09-14 08:00:00,24.84,67,1.11,257,0,1011.43,2022-09-14,41
2022-09-14 09:00:00,25.92,62,1.58,284,0,1011.51,2022-09-14,41
2022-09-14 10:00:00,26.9,58,2.28,286,0,1011.35,2022-09-14,41
2022-09-14 11:00:00,27.71,54,1.62,285,0,1011.03,2022-09-14,41
2022-09-14 12:00:00,28.14,51,1.62,278,0,1010.63,2022-09-14,41
2022-09-14 13:00:00,28.04,50,1.06,250,0,1010.05,2022-09-14,41
2022-09-14 14:00:00,27.28,51,2.27,222,0,1009.38,2022-09-14,41
2022-09-14 15:00:00,25.89,55,3.26,210,0,1008.94,2022-09-14,41
2022-09-14 16:00:00,24.41,59,3.97,204,0,1008.86,2022-09-14,41
2022-09-14 17:00:00,23.19,63,4.24,199,0,1009.01,2022-09-14,41
2022-09-14 18:00:00,22.36,66,3.16,199,0,1009.31,2022-09-14,41
2022-09-14 19:00:00,21.79,68,2.82,180,0,1009.84,2022-09-14,41
2022-09-14 20:00:00,21.28,70,3.2,171,0,1010.52,2022-09-14,41
2022-09-14 21:00:00,20.66,72,3.23,167,0,1011.05,2022-09-14,41
2022-09-14 22:00:00,20.08,74,2.63,171,0,1011.29,2022-09-14,41
